"session","session_id","study_id","iteration","created","modified","ended","expired","id_entrevistado","sex_nino","edad_nino","pais_nino","nombre_P01","sex_P01","edad_P01","educ_P01","pais_P01","region_P01","comuna_P01_1","comuna_P01_2","comuna_P01_3","comuna_P01_4","comuna_P01_5","comuna_P01_6","comuna_P01_7","comuna_P01_8","comuna_P01_9","comuna_P01_10","comuna_P01_11","comuna_P01_12","comuna_P01_13","comuna_P01_14","comuna_P01_15","comuna_P01_16","vinculo_P01","vinculo_P01_esp","anio_P01","cuidado_P01","cuidado_P01_esp","frecuencia_P01","horas_P01","count_SN1","nombre_P02","sex_P02","edad_P02","educ_P02","pais_P02","region_P02","comuna_P02_1","comuna_P02_2","comuna_P02_3","comuna_P02_4","comuna_P02_5","comuna_P02_6","comuna_P02_7","comuna_P02_8","comuna_P02_9","comuna_P02_10","comuna_P02_11","comuna_P02_12","comuna_P02_13","comuna_P02_14","comuna_P02_15","comuna_P02_16","vinculo_P02","vinculo_P02_esp","anio_P02","cuidado_P02","cuidado_P02_esp","frecuencia_P02","horas_P02","count_SN2","nombre_P03","sex_P03","edad_P03","educ_P03","pais_P03","region_P03","comuna_P03_1","comuna_P03_2","comuna_P03_3","comuna_P03_4","comuna_P03_5","comuna_P03_6","comuna_P03_7","comuna_P03_8","comuna_P03_9","comuna_P03_10","comuna_P03_11","comuna_P03_12","comuna_P03_13","comuna_P03_14","comuna_P03_15","comuna_P03_16","vinculo_P03","vinculo_P03_esp","anio_P03","cuidado_P03","cuidado_P03_esp","frecuencia_P03","horas_P03","count_SN3","nombre_P04","sex_P04","edad_P04","educ_P04","pais_P04","region_P04","comuna_P04_1","comuna_P04_2","comuna_P04_3","comuna_P04_4","comuna_P04_5","comuna_P04_6","comuna_P04_7","comuna_P04_8","comuna_P04_9","comuna_P04_10","comuna_P04_11","comuna_P04_12","comuna_P04_13","comuna_P04_14","comuna_P04_15","comuna_P04_16","vinculo_P04","vinculo_P04_esp","anio_P04","cuidado_P04","cuidado_P04_esp","frecuencia_P04","horas_P04","count_SN4","nombre_P05","sex_P05","edad_P05","educ_P05","pais_P05","region_P05","comuna_P05_1","comuna_P05_2","comuna_P05_3","comuna_P05_4","comuna_P05_5","comuna_P05_6","comuna_P05_7","comuna_P05_8","comuna_P05_9","comuna_P05_10","comuna_P05_11","comuna_P05_12","comuna_P05_13","comuna_P05_14","comuna_P05_15","comuna_P05_16","vinculo_P05","vinculo_P05_esp","anio_P05","cuidado_P05","cuidado_P05_esp","frecuencia_P05","horas_P05","count_SN5","nombre_P06","sex_P06","edad_P06","educ_P06","pais_P06","region_P06","comuna_P06_1","comuna_P06_2","comuna_P06_3","comuna_P06_4","comuna_P06_5","comuna_P06_6","comuna_P06_7","comuna_P06_8","comuna_P06_9","comuna_P06_10","comuna_P06_11","comuna_P06_12","comuna_P06_13","comuna_P06_14","comuna_P06_15","comuna_P06_16","vinculo_P06","vinculo_P06_esp","anio_P06","cuidado_P06","cuidado_P06_esp","frecuencia_P06","horas_P06","count_SN6","nombre_P07","sex_P07","edad_P07","educ_P07","pais_P07","region_P07","comuna_P07_1","comuna_P07_2","comuna_P07_3","comuna_P07_4","comuna_P07_5","comuna_P07_6","comuna_P07_7","comuna_P07_8","comuna_P07_9","comuna_P07_10","comuna_P07_11","comuna_P07_12","comuna_P07_13","comuna_P07_14","comuna_P07_15","comuna_P07_16","vinculo_P07","vinculo_P07_esp","anio_P07","cuidado_P07","cuidado_P07_esp","frecuencia_P07","horas_P07","count_SN7","nombre_P08","sex_P08","edad_P08","educ_P08","pais_P08","region_P08","comuna_P08_1","comuna_P08_2","comuna_P08_3","comuna_P08_4","comuna_P08_5","comuna_P08_6","comuna_P08_7","comuna_P08_8","comuna_P08_9","comuna_P08_10","comuna_P08_11","comuna_P08_12","comuna_P08_13","comuna_P08_14","comuna_P08_15","comuna_P08_16","vinculo_P08","vinculo_P08_esp","anio_P08","cuidado_P08","cuidado_P08_esp","frecuencia_P08","horas_P08","count_SN8","nombre_P09","sex_P09","edad_P09","educ_P09","pais_P09","region_P09","comuna_P09_1","comuna_P09_2","comuna_P09_3","comuna_P09_4","comuna_P09_5","comuna_P09_6","comuna_P09_7","comuna_P09_8","comuna_P09_9","comuna_P09_10","comuna_P09_11","comuna_P09_12","comuna_P09_13","comuna_P09_14","comuna_P09_15","comuna_P09_16","vinculo_P09","vinculo_P09_esp","anio_P09","cuidado_P09","cuidado_P09_esp","frecuencia_P09","horas_P09","count_SN9","nombre_P10","sex_P10","edad_P10","educ_P10","pais_P10","region_P10","comuna_P10_1","comuna_P10_2","comuna_P10_3","comuna_P10_4","comuna_P10_5","comuna_P10_6","comuna_P10_7","comuna_P10_8","comuna_P10_9","comuna_P10_10","comuna_P10_11","comuna_P10_12","comuna_P10_13","comuna_P10_14","comuna_P10_15","comuna_P10_16","vinculo_P10","vinculo_P10_esp","anio_P10","cuidado_P10","cuidado_P10_esp","frecuencia_P10","horas_P10","fecha_aplicacion"
"","40859737","157885","1","2026-01-20 07:27:00","2026-01-20 07:53:27","","","","","","","","","","","","","","","","","","","","","","","","","","","","","","","","","","","","","","","","","","","","","","","","","","","","","","","","","","","","","","","","","","","","","","","","","","","","","","","","","","","","","","","","","","","","","","","","","","","","","","","","","","","","","","","","","","","","","","","","","","","","","","","","","","","","","","","","","","","","","","","","","","","","","","","","","","","","","","","","","","","","","","","","","","","","","","","","","","","","","","","","","","","","","","","","","","","","","","","","","","","","","","","","","","","","","","","","","","","","","","","","","","","","","","","","","","","","","","","","","","","","","","","","","","","","","","","","","","","","","","","","","","","","","","","","","","","","","","","","","","","","","","","","","","","","","","","","","","","","","","","","","",""
"7I9kzZ4KasdOPcyj2MLDtGBjD9PlAyOkAqJrwME0q_wtiSA-TfrxX1QDv7rkludE","40863866","157885","2","2026-01-20 13:55:53","2026-01-20 18:10:08","","","","","","","","","","","","","","","","","","","","","","","","","","","","","","","","","","","","","","","","","","","","","","","","","","","","","","","","","","","","","","","","","","","","","","","","","","","","","","","","","","","","","","","","","","","","","","","","","","","","","","","","","","","","","","","","","","","","","","","","","","","","","","","","","","","","","","","","","","","","","","","","","","","","","","","","","","","","","","","","","","","","","","","","","","","","","","","","","","","","","","","","","","","","","","","","","","","","","","","","","","","","","","","","","","","","","","","","","","","","","","","","","","","","","","","","","","","","","","","","","","","","","","","","","","","","","","","","","","","","","","","","","","","","","","","","","","","","","","","","","","","","","","","","","","","","","","","","","","","","","","","","","",""
"DIbt9qxWykfhi1fR5xi4pJAxfJyBZNogGFGDQXwmR8VbGTVLu7nsvVjRrfHRzoEP","40867252","157885","3","2026-01-20 18:10:44","","","","","","","","","","","","","","","","","","","","","","","","","","","","","","","","","","","","","","","","","","","","","","","","","","","","","","","","","","","","","","","","","","","","","","","","","","","","","","","","","","","","","","","","","","","","","","","","","","","","","","","","","","","","","","","","","","","","","","","","","","","","","","","","","","","","","","","","","","","","","","","","","","","","","","","","","","","","","","","","","","","","","","","","","","","","","","","","","","","","","","","","","","","","","","","","","","","","","","","","","","","","","","","","","","","","","","","","","","","","","","","","","","","","","","","","","","","","","","","","","","","","","","","","","","","","","","","","","","","","","","","","","","","","","","","","","","","","","","","","","","","","","","","","","","","","","","","","","","","","","","","","","","",""
"JNiZX5Jb_wGjX9vyATTp9YTkWbD13dNXEl-FWfM27QPn8sDiBs2fU8ImJaoIF2Gd","41211412","157885","4","2026-03-03 14:14:08","2026-03-06 15:28:03","2026-03-06 15:28:08","","","","","","","","","","","","","","","","","","","","","","","","","","","","","","","","","","","","","","","","","","","","","","","","","","","","","","","","","","","","","","","","","","","","","","","","","","","","","","","","","","","","","","","","","","","","","","","","","","","","","","","","","","","","","","","","","","","","","","","","","","","","","","","","","","","","","","","","","","","","","","","","","","","","","","","","","","","","","","","","","","","","","","","","","","","","","","","","","","","","","","","","","","","","","","","","","","","","","","","","","","","","","","","","","","","","","","","","","","","","","","","","","","","","","","","","","","","","","","","","","","","","","","","","","","","","","","","","","","","","","","","","","","","","","","","","","","","","","","","","","","","","","","","","","","","","","","","","","","","","","","","","",""
"ktHKyNcX7tQixupuEng_tJdKW4ynDQWS_-r87oAgrhufVKFwgM3mEAaoRHEwPCis","41211414","157885","5","2026-03-03 14:14:39","","","","","","","","","","","","","","","","","","","","","","","","","","","","","","","","","","","","","","","","","","","","","","","","","","","","","","","","","","","","","","","","","","","","","","","","","","","","","","","","","","","","","","","","","","","","","","","","","","","","","","","","","","","","","","","","","","","","","","","","","","","","","","","","","","","","","","","","","","","","","","","","","","","","","","","","","","","","","","","","","","","","","","","","","","","","","","","","","","","","","","","","","","","","","","","","","","","","","","","","","","","","","","","","","","","","","","","","","","","","","","","","","","","","","","","","","","","","","","","","","","","","","","","","","","","","","","","","","","","","","","","","","","","","","","","","","","","","","","","","","","","","","","","","","","","","","","","","","","","","","","","","","","",""
"3pNDBOH6j83Sbw-M1Vdjv-0yllKicWmjCksGkCQn3pXpztdVBAQTIWYbF4Bwz2kt","41218392","157885","6","2026-03-05 14:03:27","2026-03-05 14:31:53","2026-03-05 14:31:58","","","","","","","","","","","","","","","","","","","","","","","","","","","","","","","","","","","","","","","","","","","","","","","","","","","","","","","","","","","","","","","","","","","","","","","","","","","","","","","","","","","","","","","","","","","","","","","","","","","","","","","","","","","","","","","","","","","","","","","","","","","","","","","","","","","","","","","","","","","","","","","","","","","","","","","","","","","","","","","","","","","","","","","","","","","","","","","","","","","","","","","","","","","","","","","","","","","","","","","","","","","","","","","","","","","","","","","","","","","","","","","","","","","","","","","","","","","","","","","","","","","","","","","","","","","","","","","","","","","","","","","","","","","","","","","","","","","","","","","","","","","","","","","","","","","","","","","","","","","","","","","","",""
"CGrZQ_VhdB3P-Sr7QS5gPEFgsR-N7GB1URMGuGtpX9MH4Gb3F5zUqmlHJ3DZhuut","41218531","157885","7","2026-03-05 14:50:18","2026-03-05 14:51:15","2026-03-05 14:51:20","","","","","","","","","","","","","","","","","","","","","","","","","","","","","","","","","","","","","","","","","","","","","","","","","","","","","","","","","","","","","","","","","","","","","","","","","","","","","","","","","","","","","","","","","","","","","","","","","","","","","","","","","","","","","","","","","","","","","","","","","","","","","","","","","","","","","","","","","","","","","","","","","","","","","","","","","","","","","","","","","","","","","","","","","","","","","","","","","","","","","","","","","","","","","","","","","","","","","","","","","","","","","","","","","","","","","","","","","","","","","","","","","","","","","","","","","","","","","","","","","","","","","","","","","","","","","","","","","","","","","","","","","","","","","","","","","","","","","","","","","","","","","","","","","","","","","","","","","","","","","","","","",""
"lSc91xbwAXlSHzX30tXc155afZEBc3ccrxfufGuTIcd7G4PrNI7OzmjOp8v8zE3z","41218545","157885","8","2026-03-05 14:53:40","2026-03-05 14:55:57","2026-03-05 14:56:02","","","","","","","","","","","","","","","","","","","","","","","","","","","","","","","","","","","","","","","","","","","","","","","","","","","","","","","","","","","","","","","","","","","","","","","","","","","","","","","","","","","","","","","","","","","","","","","","","","","","","","","","","","","","","","","","","","","","","","","","","","","","","","","","","","","","","","","","","","","","","","","","","","","","","","","","","","","","","","","","","","","","","","","","","","","","","","","","","","","","","","","","","","","","","","","","","","","","","","","","","","","","","","","","","","","","","","","","","","","","","","","","","","","","","","","","","","","","","","","","","","","","","","","","","","","","","","","","","","","","","","","","","","","","","","","","","","","","","","","","","","","","","","","","","","","","","","","","","","","","","","","","",""
"K9xECzQ3CKoAj-a1TbdSvyKIQMIGp4CTJJ-fuWjiuakMehB31dfYGvhIgtMxYiH7","41221440","157885","9","2026-03-06 15:33:34","","","","","","","","","","","","","","","","","","","","","","","","","","","","","","","","","","","","","","","","","","","","","","","","","","","","","","","","","","","","","","","","","","","","","","","","","","","","","","","","","","","","","","","","","","","","","","","","","","","","","","","","","","","","","","","","","","","","","","","","","","","","","","","","","","","","","","","","","","","","","","","","","","","","","","","","","","","","","","","","","","","","","","","","","","","","","","","","","","","","","","","","","","","","","","","","","","","","","","","","","","","","","","","","","","","","","","","","","","","","","","","","","","","","","","","","","","","","","","","","","","","","","","","","","","","","","","","","","","","","","","","","","","","","","","","","","","","","","","","","","","","","","","","","","","","","","","","","","","","","","","","","","","",""
"_euV9yKWA9VjW10iDw4PTDe5bBIvHtemur0PrGO4uTrRWJn8kB56xbZX8wl9r3bz","41224384","157885","10","2026-03-08 00:03:04","2026-03-08 00:29:25","2026-03-08 00:29:29","","","","","","","","","","","","","","","","","","","","","","","","","","","","","","","","","","","","","","","","","","","","","","","","","","","","","","","","","","","","","","","","","","","","","","","","","","","","","","","","","","","","","","","","","","","","","","","","","","","","","","","","","","","","","","","","","","","","","","","","","","","","","","","","","","","","","","","","","","","","","","","","","","","","","","","","","","","","","","","","","","","","","","","","","","","","","","","","","","","","","","","","","","","","","","","","","","","","","","","","","","","","","","","","","","","","","","","","","","","","","","","","","","","","","","","","","","","","","","","","","","","","","","","","","","","","","","","","","","","","","","","","","","","","","","","","","","","","","","","","","","","","","","","","","","","","","","","","","","","","","","","","",""
"wJuv2xQaDLVeacBG6Bctn8wxjhI53-wL8lz3PSCqpBQHlCZfrsNNQqk-DAPqDsNB","41224440","157885","11","2026-03-08 00:43:31","2026-03-09 00:09:54","","","","","","","","","","","","","","","","","","","","","","","","","","","","","","","","","","","","","","","","","","","","","","","","","","","","","","","","","","","","","","","","","","","","","","","","","","","","","","","","","","","","","","","","","","","","","","","","","","","","","","","","","","","","","","","","","","","","","","","","","","","","","","","","","","","","","","","","","","","","","","","","","","","","","","","","","","","","","","","","","","","","","","","","","","","","","","","","","","","","","","","","","","","","","","","","","","","","","","","","","","","","","","","","","","","","","","","","","","","","","","","","","","","","","","","","","","","","","","","","","","","","","","","","","","","","","","","","","","","","","","","","","","","","","","","","","","","","","","","","","","","","","","","","","","","","","","","","","","","","","","","","","",""
"bgPXZ7kFiuCHaCdPLFDRAX01J7PDm4DX0PqTQ8bfsVcimpOZJiqIR-3d2EIvYrsA","41230271","157885","12","2026-03-09 04:06:53","2026-03-09 04:07:36","","","","","","","","","","","","","","","","","","","","","","","","","","","","","","","","","","","","","","","","","","","","","","","","","","","","","","","","","","","","","","","","","","","","","","","","","","","","","","","","","","","","","","","","","","","","","","","","","","","","","","","","","","","","","","","","","","","","","","","","","","","","","","","","","","","","","","","","","","","","","","","","","","","","","","","","","","","","","","","","","","","","","","","","","","","","","","","","","","","","","","","","","","","","","","","","","","","","","","","","","","","","","","","","","","","","","","","","","","","","","","","","","","","","","","","","","","","","","","","","","","","","","","","","","","","","","","","","","","","","","","","","","","","","","","","","","","","","","","","","","","","","","","","","","","","","","","","","","","","","","","","","","",""
"nYDL6VYhUbZPGY6QMyk-NrzaEZS2FzmgEHtnBsOt4tt2zqseTodwmSFqn_zxzI_Z","41233167","157885","13","2026-03-09 20:47:04","","","","","","","","","","","","","","","","","","","","","","","","","","","","","","","","","","","","","","","","","","","","","","","","","","","","","","","","","","","","","","","","","","","","","","","","","","","","","","","","","","","","","","","","","","","","","","","","","","","","","","","","","","","","","","","","","","","","","","","","","","","","","","","","","","","","","","","","","","","","","","","","","","","","","","","","","","","","","","","","","","","","","","","","","","","","","","","","","","","","","","","","","","","","","","","","","","","","","","","","","","","","","","","","","","","","","","","","","","","","","","","","","","","","","","","","","","","","","","","","","","","","","","","","","","","","","","","","","","","","","","","","","","","","","","","","","","","","","","","","","","","","","","","","","","","","","","","","","","","","","","","","","","",""
"P2idNziCFBpZkPDCJFqEvvMxuuFTM-B7V4LpDZ7wuFAY1SH-v3kyW3sg__juC1Tp","41233168","157885","14","2026-03-09 20:47:06","","","","","","","","","","","","","","","","","","","","","","","","","","","","","","","","","","","","","","","","","","","","","","","","","","","","","","","","","","","","","","","","","","","","","","","","","","","","","","","","","","","","","","","","","","","","","","","","","","","","","","","","","","","","","","","","","","","","","","","","","","","","","","","","","","","","","","","","","","","","","","","","","","","","","","","","","","","","","","","","","","","","","","","","","","","","","","","","","","","","","","","","","","","","","","","","","","","","","","","","","","","","","","","","","","","","","","","","","","","","","","","","","","","","","","","","","","","","","","","","","","","","","","","","","","","","","","","","","","","","","","","","","","","","","","","","","","","","","","","","","","","","","","","","","","","","","","","","","","","","","","","","","","",""
"7MlOPkgtBtBVG6s3QWSMbrKKxDl3Qe9yLiX_R89sce_0ZedGpSGN1l7UupBeCHL5","41239666","157885","15","2026-03-11 14:19:19","2026-03-11 14:32:52","2026-03-11 14:32:54","","","","","","","","","","","","","","","","","","","","","","","","","","","","","","","","","","","","","","","","","","","","","","","","","","","","","","","","","","","","","","","","","","","","","","","","","","","","","","","","","","","","","","","","","","","","","","","","","","","","","","","","","","","","","","","","","","","","","","","","","","","","","","","","","","","","","","","","","","","","","","","","","","","","","","","","","","","","","","","","","","","","","","","","","","","","","","","","","","","","","","","","","","","","","","","","","","","","","","","","","","","","","","","","","","","","","","","","","","","","","","","","","","","","","","","","","","","","","","","","","","","","","","","","","","","","","","","","","","","","","","","","","","","","","","","","","","","","","","","","","","","","","","","","","","","","","","","","","","","","","","","","",""
"t08P0k-tD3fgZvqE52GYoIYPCiZZNgDtTp-AOA3NFtYj6W7XCPSxnySNd9PGpLcA","41248054","157885","16","2026-03-13 18:41:37","2026-03-13 19:43:31","2026-03-13 19:43:32","","","","","","","","","","","","","","","","","","","","","","","","","","","","","","","","","","","","","","","","","","","","","","","","","","","","","","","","","","","","","","","","","","","","","","","","","","","","","","","","","","","","","","","","","","","","","","","","","","","","","","","","","","","","","","","","","","","","","","","","","","","","","","","","","","","","","","","","","","","","","","","","","","","","","","","","","","","","","","","","","","","","","","","","","","","","","","","","","","","","","","","","","","","","","","","","","","","","","","","","","","","","","","","","","","","","","","","","","","","","","","","","","","","","","","","","","","","","","","","","","","","","","","","","","","","","","","","","","","","","","","","","","","","","","","","","","","","","","","","","","","","","","","","","","","","","","","","","","","","","","","","","",""
"jOgzMLrsndU6Ka1t14jNXVVTIug0SaYLM4w6O1t4MBacNwuweA1rRgPd-qhBS4wi","41248345","157885","17","2026-03-13 19:52:49","2026-03-13 20:10:36","2026-03-13 20:10:38","","","","","","","","","","","","","","","","","","","","","","","","","","","","","","","","","","","","","","","","","","","","","","","","","","","","","","","","","","","","","","","","","","","","","","","","","","","","","","","","","","","","","","","","","","","","","","","","","","","","","","","","","","","","","","","","","","","","","","","","","","","","","","","","","","","","","","","","","","","","","","","","","","","","","","","","","","","","","","","","","","","","","","","","","","","","","","","","","","","","","","","","","","","","","","","","","","","","","","","","","","","","","","","","","","","","","","","","","","","","","","","","","","","","","","","","","","","","","","","","","","","","","","","","","","","","","","","","","","","","","","","","","","","","","","","","","","","","","","","","","","","","","","","","","","","","","","","","","","","","","","","","",""
"vI7d2Vu-YwUieVrRakXTTYaDfZ_i3ch6lxuyIwR1mGAGHIbmCq5lGq8eZilvlCOX","41248419","157885","18","2026-03-13 20:06:14","","","","","","","","","","","","","","","","","","","","","","","","","","","","","","","","","","","","","","","","","","","","","","","","","","","","","","","","","","","","","","","","","","","","","","","","","","","","","","","","","","","","","","","","","","","","","","","","","","","","","","","","","","","","","","","","","","","","","","","","","","","","","","","","","","","","","","","","","","","","","","","","","","","","","","","","","","","","","","","","","","","","","","","","","","","","","","","","","","","","","","","","","","","","","","","","","","","","","","","","","","","","","","","","","","","","","","","","","","","","","","","","","","","","","","","","","","","","","","","","","","","","","","","","","","","","","","","","","","","","","","","","","","","","","","","","","","","","","","","","","","","","","","","","","","","","","","","","","","","","","","","","","","",""
"nrzOHRngPK8QjPv-sKKh-P1pa-YDftR4o-veSc1qnVBx83kYuEh0WNVhhfXIOhyt","41249042","157885","19","2026-03-13 23:37:51","","","","","","","","","","","","","","","","","","","","","","","","","","","","","","","","","","","","","","","","","","","","","","","","","","","","","","","","","","","","","","","","","","","","","","","","","","","","","","","","","","","","","","","","","","","","","","","","","","","","","","","","","","","","","","","","","","","","","","","","","","","","","","","","","","","","","","","","","","","","","","","","","","","","","","","","","","","","","","","","","","","","","","","","","","","","","","","","","","","","","","","","","","","","","","","","","","","","","","","","","","","","","","","","","","","","","","","","","","","","","","","","","","","","","","","","","","","","","","","","","","","","","","","","","","","","","","","","","","","","","","","","","","","","","","","","","","","","","","","","","","","","","","","","","","","","","","","","","","","","","","","","","","",""
"Izb1uxjDVbTaCf4IfHCjJ-bMO_ifYB8DsvI-DZYtfn2NhWAAKYGYDIcAQVIq13KW","41275946","157885","20","2026-03-20 19:56:38","2026-03-20 19:58:23","","","","","","","","","","","","","","","","","","","","","","","","","","","","","","","","","","","","","","","","","","","","","","","","","","","","","","","","","","","","","","","","","","","","","","","","","","","","","","","","","","","","","","","","","","","","","","","","","","","","","","","","","","","","","","","","","","","","","","","","","","","","","","","","","","","","","","","","","","","","","","","","","","","","","","","","","","","","","","","","","","","","","","","","","","","","","","","","","","","","","","","","","","","","","","","","","","","","","","","","","","","","","","","","","","","","","","","","","","","","","","","","","","","","","","","","","","","","","","","","","","","","","","","","","","","","","","","","","","","","","","","","","","","","","","","","","","","","","","","","","","","","","","","","","","","","","","","","","","","","","","","","","",""
"","41358978","157885","21","2026-04-09 07:38:47","2026-04-09 07:46:24","","","","","","","","","","","","","","","","","","","","","","","","","","","","","","","","","","","","","","","","","","","","","","","","","","","","","","","","","","","","","","","","","","","","","","","","","","","","","","","","","","","","","","","","","","","","","","","","","","","","","","","","","","","","","","","","","","","","","","","","","","","","","","","","","","","","","","","","","","","","","","","","","","","","","","","","","","","","","","","","","","","","","","","","","","","","","","","","","","","","","","","","","","","","","","","","","","","","","","","","","","","","","","","","","","","","","","","","","","","","","","","","","","","","","","","","","","","","","","","","","","","","","","","","","","","","","","","","","","","","","","","","","","","","","","","","","","","","","","","","","","","","","","","","","","","","","","","","","","","","","","","","","",""
"oxJkoFxyGj2FzlcHFbpsTqOdFHXcrDpieOLLmJ8bOwGhquPN7ZqEIpO_a5VIkqar","41363786","157885","22","2026-04-10 06:33:48","2026-04-10 06:36:24","","","","","","","","","","","","","","","","","","","","","","","","","","","","","","","","","","","","","","","","","","","","","","","","","","","","","","","","","","","","","","","","","","","","","","","","","","","","","","","","","","","","","","","","","","","","","","","","","","","","","","","","","","","","","","","","","","","","","","","","","","","","","","","","","","","","","","","","","","","","","","","","","","","","","","","","","","","","","","","","","","","","","","","","","","","","","","","","","","","","","","","","","","","","","","","","","","","","","","","","","","","","","","","","","","","","","","","","","","","","","","","","","","","","","","","","","","","","","","","","","","","","","","","","","","","","","","","","","","","","","","","","","","","","","","","","","","","","","","","","","","","","","","","","","","","","","","","","","","","","","","","","","",""
"cKZyLE0qcu2teAYXMpEWs2ss7DCXqDJwIb4ERdrZ1gUoiIC9ji3yVnBG2BNIlvPo","41363797","157885","23","2026-04-10 06:36:30","","","","","","","","","","","","","","","","","","","","","","","","","","","","","","","","","","","","","","","","","","","","","","","","","","","","","","","","","","","","","","","","","","","","","","","","","","","","","","","","","","","","","","","","","","","","","","","","","","","","","","","","","","","","","","","","","","","","","","","","","","","","","","","","","","","","","","","","","","","","","","","","","","","","","","","","","","","","","","","","","","","","","","","","","","","","","","","","","","","","","","","","","","","","","","","","","","","","","","","","","","","","","","","","","","","","","","","","","","","","","","","","","","","","","","","","","","","","","","","","","","","","","","","","","","","","","","","","","","","","","","","","","","","","","","","","","","","","","","","","","","","","","","","","","","","","","","","","","","","","","","","","","","",""
"SH7Y_ylpIyeY_pZjJVwwD4ECwcQ-TJm-uJX5fU6NAWKmnc-mw7RDwDr4Wj42M9KJ","41363798","157885","24","2026-04-10 06:37:18","2026-04-10 06:45:52","2026-04-10 06:45:56","","1234","1","1234","1","","","","","","","","","","","","","","","","","","","","","","","","","","","","","","","","","","","","","","","","","","","","","","","","","","","","","","","","","","","","","","","","","","","","","","","","","","","","","","","","","","","","","","","","","","","","","","","","","","","","","","","","","","","","","","","","","","","","","","","","","","","","","","","","","","","","","","","","","","","","","","","","","","","","","","","","","","","","","","","","","","","","","","","","","","","","","","","","","","","","","","","","","","","","","","","","","","","","","","","","","","","","","","","","","","","","","","","","","","","","","","","","","","","","","","","","","","","","","","","","","","","","","","","","","","","","","","","","","","","","","","","","","","","","","","","","","","","","","","","","","","","","","","","","","","","","","","","","","","","",""
"Ew5lWyy5GBiSKZVtjWaPf0M3Gke-YCIZo2e8qamkbb9FZiT2WE5xscmT5iEA74wm","41363853","157885","25","2026-04-10 06:57:26","2026-04-10 08:03:13","","","","","","","","","","","","","","","","","","","","","","","","","","","","","","","","","","","","","","","","","","","","","","","","","","","","","","","","","","","","","","","","","","","","","","","","","","","","","","","","","","","","","","","","","","","","","","","","","","","","","","","","","","","","","","","","","","","","","","","","","","","","","","","","","","","","","","","","","","","","","","","","","","","","","","","","","","","","","","","","","","","","","","","","","","","","","","","","","","","","","","","","","","","","","","","","","","","","","","","","","","","","","","","","","","","","","","","","","","","","","","","","","","","","","","","","","","","","","","","","","","","","","","","","","","","","","","","","","","","","","","","","","","","","","","","","","","","","","","","","","","","","","","","","","","","","","","","","","","","","","","","","","",""
"goodRiverDolphinXXX4WJYSVi23DqX3W0K4X5dFzI3o5kBanzcMmviA1kFQieCi","41363854","157885","26","2026-04-10 06:57:32","","2026-04-10 06:57:44","","","","","","","","","","","","","","","","","","","","","","","","","","","","","","","","","","","","","","","","","","","","","","","","","","","","","","","","","","","","","","","","","","","","","","","","","","","","","","","","","","","","","","","","","","","","","","","","","","","","","","","","","","","","","","","","","","","","","","","","","","","","","","","","","","","","","","","","","","","","","","","","","","","","","","","","","","","","","","","","","","","","","","","","","","","","","","","","","","","","","","","","","","","","","","","","","","","","","","","","","","","","","","","","","","","","","","","","","","","","","","","","","","","","","","","","","","","","","","","","","","","","","","","","","","","","","","","","","","","","","","","","","","","","","","","","","","","","","","","","","","","","","","","","","","","","","","","","","","","","","","","","",""
"determinedFlyXXXmVzqmPMCCxr5fRk-iMayFV9EzYzZFfXbvwaiM1qCsx3Ntv-v","41363857","157885","27","2026-04-10 06:57:58","2026-04-10 06:58:47","2026-04-10 06:58:57","","123","1","123","1","","","","","","","","","","","","","","","","","","","","","","","","","","","","","","","","","","","","","","","","","","","","","","","","","","","","","","","","","","","","","","","","","","","","","","","","","","","","","","","","","","","","","","","","","","","","","","","","","","","","","","","","","","","","","","","","","","","","","","","","","","","","","","","","","","","","","","","","","","","","","","","","","","","","","","","","","","","","","","","","","","","","","","","","","","","","","","","","","","","","","","","","","","","","","","","","","","","","","","","","","","","","","","","","","","","","","","","","","","","","","","","","","","","","","","","","","","","","","","","","","","","","","","","","","","","","","","","","","","","","","","","","","","","","","","","","","","","","","","","","","","","","","","","","","","","","","","","","","","","",""
"inquisitiveStingrayXXXtc80i8WcMrnZ3ySmV06TnwX8N7gRdL4NeKBRE-bWG5","41363926","157885","28","2026-04-10 07:19:41","2026-04-10 07:20:29","2026-04-10 07:20:45","","thank the formr monkey","1","thank the formr monkey","1","","","","","","","","","","","","","","","","","","","","","","","","","","","","","","","","","","","","","","","","","","","","","","","","","","","","","","","","","","","","","","","","","","","","","","","","","","","","","","","","","","","","","","","","","","","","","","","","","","","","","","","","","","","","","","","","","","","","","","","","","","","","","","","","","","","","","","","","","","","","","","","","","","","","","","","","","","","","","","","","","","","","","","","","","","","","","","","","","","","","","","","","","","","","","","","","","","","","","","","","","","","","","","","","","","","","","","","","","","","","","","","","","","","","","","","","","","","","","","","","","","","","","","","","","","","","","","","","","","","","","","","","","","","","","","","","","","","","","","","","","","","","","","","","","","","","","","","","","","","",""
"GGsf9TTCY2_aN4GAvGg9Ns3u2wuMsZCMMODXh_5bs1X0Ugk1P-wjtYq4Au3MpjZb","41364102","157885","29","2026-04-10 08:03:20","2026-04-10 08:08:48","2026-04-10 08:08:49","","123","1","123","1","","","","","","","","","","","","","","","","","","","","","","","","","","","","","","","","","","","","","","","","","","","","","","","","","","","","","","","","","","","","","","","","","","","","","","","","","","","","","","","","","","","","","","","","","","","","","","","","","","","","","","","","","","","","","","","","","","","","","","","","","","","","","","","","","","","","","","","","","","","","","","","","","","","","","","","","","","","","","","","","","","","","","","","","","","","","","","","","","","","","","","","","","","","","","","","","","","","","","","","","","","","","","","","","","","","","","","","","","","","","","","","","","","","","","","","","","","","","","","","","","","","","","","","","","","","","","","","","","","","","","","","","","","","","","","","","","","","","","","","","","","","","","","","","","","","","","","","","","","","",""
"quaintPufferFishXXX7VZRrLYBsaCimuDrKO66SmbEUg45lDOlXdOgGv6HLrdSg","41364213","157885","30","2026-04-10 08:35:18","2026-04-10 08:41:09","2026-04-10 08:41:11","","123","1","123","1","","","","","","","","","","","","","","","","","","","","","","","","","","","","","","","","","","","","","","","","","","","","","","","","","","","","","","","","","","","","","","","","","","","","","","","","","","","","","","","","","","","","","","","","","","","","","","","","","","","","","","","","","","","","","","","","","","","","","","","","","","","","","","","","","","","","","","","","","","","","","","","","","","","","","","","","","","","","","","","","","","","","","","","","","","","","","","","","","","","","","","","","","","","","","","","","","","","","","","","","","","","","","","","","","","","","","","","","","","","","","","","","","","","","","","","","","","","","","","","","","","","","","","","","","","","","","","","","","","","","","","","","","","","","","","","","","","","","","","","","","","","","","","","","","","","","","","","","","","","",""
"quaintPufferFishXXX7VZRrLYBsaCimuDrKO66SmbEUg45lDOlXdOgGv6HLrdSg","41364239","157885","31","2026-04-10 08:45:09","2026-04-10 08:45:24","2026-04-10 08:45:33","","123","1","123","1","","","","","","","","","","","","","","","","","","","","","","","","","","","","","","","","","","","","","","","","","","","","","","","","","","","","","","","","","","","","","","","","","","","","","","","","","","","","","","","","","","","","","","","","","","","","","","","","","","","","","","","","","","","","","","","","","","","","","","","","","","","","","","","","","","","","","","","","","","","","","","","","","","","","","","","","","","","","","","","","","","","","","","","","","","","","","","","","","","","","","","","","","","","","","","","","","","","","","","","","","","","","","","","","","","","","","","","","","","","","","","","","","","","","","","","","","","","","","","","","","","","","","","","","","","","","","","","","","","","","","","","","","","","","","","","","","","","","","","","","","","","","","","","","","","","","","","","","","","","",""
"livelyWoodlouseXXXZfIEE09j9SuZ_7vaPF0XjEW1rblQxJBDPO3pwpv3SL07NQ","41364296","157885","32","2026-04-10 09:14:20","2026-04-10 09:15:10","2026-04-10 09:15:20","","123","1","123","2","","","","","","","","","","","","","","","","","","","","","","","","","","","","","","","","","","","","","","","","","","","","","","","","","","","","","","","","","","","","","","","","","","","","","","","","","","","","","","","","","","","","","","","","","","","","","","","","","","","","","","","","","","","","","","","","","","","","","","","","","","","","","","","","","","","","","","","","","","","","","","","","","","","","","","","","","","","","","","","","","","","","","","","","","","","","","","","","","","","","","","","","","","","","","","","","","","","","","","","","","","","","","","","","","","","","","","","","","","","","","","","","","","","","","","","","","","","","","","","","","","","","","","","","","","","","","","","","","","","","","","","","","","","","","","","","","","","","","","","","","","","","","","","","","","","","","","","","","","","",""
"homelyChameleonXXXMir0Mx-Q4cUErA3OMGC5dRNu0ODnvTOO3zYoRSWY4InCEY","41364303","157885","33","2026-04-10 09:16:45","2026-04-10 09:18:20","2026-04-10 09:18:21","","123","1","thank the formr monkey","1","","","","","","","","","","","","","","","","","","","","","","","","","","","","","","","","","","","","","","","","","","","","","","","","","","","","","","","","","","","","","","","","","","","","","","","","","","","","","","","","","","","","","","","","","","","","","","","","","","","","","","","","","","","","","","","","","","","","","","","","","","","","","","","","","","","","","","","","","","","","","","","","","","","","","","","","","","","","","","","","","","","","","","","","","","","","","","","","","","","","","","","","","","","","","","","","","","","","","","","","","","","","","","","","","","","","","","","","","","","","","","","","","","","","","","","","","","","","","","","","","","","","","","","","","","","","","","","","","","","","","","","","","","","","","","","","","","","","","","","","","","","","","","","","","","","","","","","","","","","",""
"proudRiverTurtleXXXKgABAyOXKnBEqDzcSTUBA6An0B1SZg13UGHSt8IIBWXwP","41364315","157885","34","2026-04-10 09:23:10","","","","","","","","","","","","","","","","","","","","","","","","","","","","","","","","","","","","","","","","","","","","","","","","","","","","","","","","","","","","","","","","","","","","","","","","","","","","","","","","","","","","","","","","","","","","","","","","","","","","","","","","","","","","","","","","","","","","","","","","","","","","","","","","","","","","","","","","","","","","","","","","","","","","","","","","","","","","","","","","","","","","","","","","","","","","","","","","","","","","","","","","","","","","","","","","","","","","","","","","","","","","","","","","","","","","","","","","","","","","","","","","","","","","","","","","","","","","","","","","","","","","","","","","","","","","","","","","","","","","","","","","","","","","","","","","","","","","","","","","","","","","","","","","","","","","","","","","","","","","","","","","","","",""
"wide-eyedChickenXXX8yLa9xqy26zFVwGE3LNKSTYJd4eBqMy4Plmm1CS1SuDpZ","41364316","157885","35","2026-04-10 09:23:18","2026-04-10 09:28:47","2026-04-10 09:28:48","","123","1","thank the formr monkey","1","","","","","","","","","","","","","","","","","","","","","","","","","","","","","","","","","","","","","","","","","","","","","","","","","","","","","","","","","","","","","","","","","","","","","","","","","","","","","","","","","","","","","","","","","","","","","","","","","","","","","","","","","","","","","","","","","","","","","","","","","","","","","","","","","","","","","","","","","","","","","","","","","","","","","","","","","","","","","","","","","","","","","","","","","","","","","","","","","","","","","","","","","","","","","","","","","","","","","","","","","","","","","","","","","","","","","","","","","","","","","","","","","","","","","","","","","","","","","","","","","","","","","","","","","","","","","","","","","","","","","","","","","","","","","","","","","","","","","","","","","","","","","","","","","","","","","","","","","","","",""
"realPiedTamarinXXXcQ6tfHNHueBXRQ-EQzKJDVrXnySJ_8bkAWsSfldqZ4uXyl","41364327","157885","36","2026-04-10 09:30:52","2026-04-10 09:34:48","2026-04-10 09:34:50","","123","1","123","1","","","","","","","","","","","","","","","","","","","","","","","","","","","","","","","","","","","","","","","","","","","","","","","","","","","","","","","","","","","","","","","","","","","","","","","","","","","","","","","","","","","","","","","","","","","","","","","","","","","","","","","","","","","","","","","","","","","","","","","","","","","","","","","","","","","","","","","","","","","","","","","","","","","","","","","","","","","","","","","","","","","","","","","","","","","","","","","","","","","","","","","","","","","","","","","","","","","","","","","","","","","","","","","","","","","","","","","","","","","","","","","","","","","","","","","","","","","","","","","","","","","","","","","","","","","","","","","","","","","","","","","","","","","","","","","","","","","","","","","","","","","","","","","","","","","","","","","","","","","",""
"thankfulMooseXXXYm0jfp-bq2yeMPLtQQD-bB-cHZcTZ6ciP6jONn5o7pldQ348","41364337","157885","37","2026-04-10 09:37:00","2026-04-10 09:38:44","2026-04-10 09:38:46","","123","1","123","1","","","","","","","","","","","","","","","","","","","","","","","","","","","","","","","","","","","","","","","","","","","","","","","","","","","","","","","","","","","","","","","","","","","","","","","","","","","","","","","","","","","","","","","","","","","","","","","","","","","","","","","","","","","","","","","","","","","","","","","","","","","","","","","","","","","","","","","","","","","","","","","","","","","","","","","","","","","","","","","","","","","","","","","","","","","","","","","","","","","","","","","","","","","","","","","","","","","","","","","","","","","","","","","","","","","","","","","","","","","","","","","","","","","","","","","","","","","","","","","","","","","","","","","","","","","","","","","","","","","","","","","","","","","","","","","","","","","","","","","","","","","","","","","","","","","","","","","","","","","",""
"funnyStarfishXXXsi0i1D9_29uqV_KPaq4GNVpbrbdiYh0kEQkHpbeYj7ejXW2Z","41364356","157885","38","2026-04-10 09:43:50","2026-04-10 09:45:50","2026-04-10 09:45:52","","123","1","123","1","","","","","","","","","","","","","","","","","","","","","","","","","","","","","","","","","","","","","","","","","","","","","","","","","","","","","","","","","","","","","","","","","","","","","","","","","","","","","","","","","","","","","","","","","","","","","","","","","","","","","","","","","","","","","","","","","","","","","","","","","","","","","","","","","","","","","","","","","","","","","","","","","","","","","","","","","","","","","","","","","","","","","","","","","","","","","","","","","","","","","","","","","","","","","","","","","","","","","","","","","","","","","","","","","","","","","","","","","","","","","","","","","","","","","","","","","","","","","","","","","","","","","","","","","","","","","","","","","","","","","","","","","","","","","","","","","","","","","","","","","","","","","","","","","","","","","","","","","","","",""
"tenderWolfXXXu5mRrlNbrspCi-1GGWQXPZieBiWvCtezwPxhBUg2qN6Ov8jRxYG","41364381","157885","39","2026-04-10 09:54:12","2026-04-10 09:56:06","2026-04-10 09:56:08","","123","1","123","1","","","","","","","","","","","","","","","","","","","","","","","","","","","","","","","","","","","","","","","","","","","","","","","","","","","","","","","","","","","","","","","","","","","","","","","","","","","","","","","","","","","","","","","","","","","","","","","","","","","","","","","","","","","","","","","","","","","","","","","","","","","","","","","","","","","","","","","","","","","","","","","","","","","","","","","","","","","","","","","","","","","","","","","","","","","","","","","","","","","","","","","","","","","","","","","","","","","","","","","","","","","","","","","","","","","","","","","","","","","","","","","","","","","","","","","","","","","","","","","","","","","","","","","","","","","","","","","","","","","","","","","","","","","","","","","","","","","","","","","","","","","","","","","","","","","","","","","","","","","",""
"victoriousReindeerXXXwxdWDtrNok_rF5wJ9EHtIhjbSwkFh2viHF-dW92-18F","41364429","157885","40","2026-04-10 10:13:41","2026-04-10 10:15:26","2026-04-10 10:15:28","","123","1","123","1","","","","","","","","","","","","","","","","","","","","","","","","","","","","","","","","","","","","","","","","","","","","","","","","","","","","","","","","","","","","","","","","","","","","","","","","","","","","","","","","","","","","","","","","","","","","","","","","","","","","","","","","","","","","","","","","","","","","","","","","","","","","","","","","","","","","","","","","","","","","","","","","","","","","","","","","","","","","","","","","","","","","","","","","","","","","","","","","","","","","","","","","","","","","","","","","","","","","","","","","","","","","","","","","","","","","","","","","","","","","","","","","","","","","","","","","","","","","","","","","","","","","","","","","","","","","","","","","","","","","","","","","","","","","","","","","","","","","","","","","","","","","","","","","","","","","","","","","","","","",""
"luckyWrasseXXX9mwMaLm1ub0ZJKngN9kb34jkyEiKiJfvCrr9Gz140kLvKe1zfd","41364440","157885","41","2026-04-10 10:17:16","2026-04-10 10:19:10","2026-04-10 10:19:12","","123","1","123","1","","","","","","","","","","","","","","","","","","","","","","","","","","","","","","","","","","","","","","","","","","","","","","","","","","","","","","","","","","","","","","","","","","","","","","","","","","","","","","","","","","","","","","","","","","","","","","","","","","","","","","","","","","","","","","","","","","","","","","","","","","","","","","","","","","","","","","","","","","","","","","","","","","","","","","","","","","","","","","","","","","","","","","","","","","","","","","","","","","","","","","","","","","","","","","","","","","","","","","","","","","","","","","","","","","","","","","","","","","","","","","","","","","","","","","","","","","","","","","","","","","","","","","","","","","","","","","","","","","","","","","","","","","","","","","","","","","","","","","","","","","","","","","","","","","","","","","","","","","","",""
"hilariousWoollyMammothXXX56mTEpx0s3AhkbjqKiliTcN6iTt_G5o3N_aI2eI","41364491","157885","42","2026-04-10 10:41:03","2026-04-10 10:43:25","2026-04-10 10:43:26","","123","1","123","1","","","","","","","","","","","","","","","","","","","","","","","","","","","","","","","","","","","","","","","","","","","","","","","","","","","","","","","","","","","","","","","","","","","","","","","","","","","","","","","","","","","","","","","","","","","","","","","","","","","","","","","","","","","","","","","","","","","","","","","","","","","","","","","","","","","","","","","","","","","","","","","","","","","","","","","","","","","","","","","","","","","","","","","","","","","","","","","","","","","","","","","","","","","","","","","","","","","","","","","","","","","","","","","","","","","","","","","","","","","","","","","","","","","","","","","","","","","","","","","","","","","","","","","","","","","","","","","","","","","","","","","","","","","","","","","","","","","","","","","","","","","","","","","","","","","","","","","","","","","",""
"famousWolverineXXX48y111fHpGP5q6kwACjtBCMCoA3Km0Eu0WKbRKaZKFzVYP","41364506","157885","43","2026-04-10 10:45:51","2026-04-10 10:48:03","2026-04-10 10:48:04","","123","1","123","1","","","","","","","","","","","","","","","","","","","","","","","","","","","","","","","","","","","","","","","","","","","","","","","","","","","","","","","","","","","","","","","","","","","","","","","","","","","","","","","","","","","","","","","","","","","","","","","","","","","","","","","","","","","","","","","","","","","","","","","","","","","","","","","","","","","","","","","","","","","","","","","","","","","","","","","","","","","","","","","","","","","","","","","","","","","","","","","","","","","","","","","","","","","","","","","","","","","","","","","","","","","","","","","","","","","","","","","","","","","","","","","","","","","","","","","","","","","","","","","","","","","","","","","","","","","","","","","","","","","","","","","","","","","","","","","","","","","","","","","","","","","","","","","","","","","","","","","","","","","",""
"realClumberXXX9QifzZ2anTB5ryHalDkcSCxpWMNIiCviXMGPh079ibKdnQnPMN","41364550","157885","44","2026-04-10 10:49:14","2026-04-10 10:51:49","2026-04-10 10:51:50","","123","1","123","1","","","","","","","","","","","","","","","","","","","","","","","","","","","","","","","","","","","","","","","","","","","","","","","","","","","","","","","","","","","","","","","","","","","","","","","","","","","","","","","","","","","","","","","","","","","","","","","","","","","","","","","","","","","","","","","","","","","","","","","","","","","","","","","","","","","","","","","","","","","","","","","","","","","","","","","","","","","","","","","","","","","","","","","","","","","","","","","","","","","","","","","","","","","","","","","","","","","","","","","","","","","","","","","","","","","","","","","","","","","","","","","","","","","","","","","","","","","","","","","","","","","","","","","","","","","","","","","","","","","","","","","","","","","","","","","","","","","","","","","","","","","","","","","","","","","","","","","","","","","",""
"cleanDesertTortoiseXXXigrysdueSPSnAkPvH8JM2_CRcfyCQ8bRYyIsDM_xo0","41364597","157885","45","2026-04-10 11:03:35","2026-04-10 11:10:03","2026-04-10 11:10:05","","123","1","123","1","","","","","","","","","","","","","","","","","","","","","","","","","","","","","","","","","","","","","","","","","","","","","","","","","","","","","","","","","","","","","","","","","","","","","","","","","","","","","","","","","","","","","","","","","","","","","","","","","","","","","","","","","","","","","","","","","","","","","","","","","","","","","","","","","","","","","","","","","","","","","","","","","","","","","","","","","","","","","","","","","","","","","","","","","","","","","","","","","","","","","","","","","","","","","","","","","","","","","","","","","","","","","","","","","","","","","","","","","","","","","","","","","","","","","","","","","","","","","","","","","","","","","","","","","","","","","","","","","","","","","","","","","","","","","","","","","","","","","","","","","","","","","","","","","","","","","","","","","","","",""
"toughCommonBuzzardXXXeCu1bnKcepmPCPWjoSD8HUBj17mv0vpmO4InKuRxHEs","41364610","157885","46","2026-04-10 11:12:54","2026-04-10 11:14:53","2026-04-10 11:14:55","","123","1","123","1","","","","","","","","","","","","","","","","","","","","","","","","","","","","","","","","","","","","","","","","","","","","","","","","","","","","","","","","","","","","","","","","","","","","","","","","","","","","","","","","","","","","","","","","","","","","","","","","","","","","","","","","","","","","","","","","","","","","","","","","","","","","","","","","","","","","","","","","","","","","","","","","","","","","","","","","","","","","","","","","","","","","","","","","","","","","","","","","","","","","","","","","","","","","","","","","","","","","","","","","","","","","","","","","","","","","","","","","","","","","","","","","","","","","","","","","","","","","","","","","","","","","","","","","","","","","","","","","","","","","","","","","","","","","","","","","","","","","","","","","","","","","","","","","","","","","","","","","","","","",""
"beautifulAntXXXz8xI7zJ-9t8yz7CcY4rJ_58dEUdxFBN4556x98lyH0SvaJhAQ","41364625","157885","47","2026-04-10 11:20:46","2026-04-10 11:22:41","2026-04-10 11:22:42","","123","1","123","1","","","","","","","","","","","","","","","","","","","","","","","","","","","","","","","","","","","","","","","","","","","","","","","","","","","","","","","","","","","","","","","","","","","","","","","","","","","","","","","","","","","","","","","","","","","","","","","","","","","","","","","","","","","","","","","","","","","","","","","","","","","","","","","","","","","","","","","","","","","","","","","","","","","","","","","","","","","","","","","","","","","","","","","","","","","","","","","","","","","","","","","","","","","","","","","","","","","","","","","","","","","","","","","","","","","","","","","","","","","","","","","","","","","","","","","","","","","","","","","","","","","","","","","","","","","","","","","","","","","","","","","","","","","","","","","","","","","","","","","","","","","","","","","","","","","","","","","","","","","",""
"glamorousSnakeXXXJVu_JKa6LPUBnyRNbILZ4FAM-cFTR6_vj2Q_vWvNjAN11E9","41364670","157885","48","2026-04-10 11:35:50","2026-04-10 11:38:50","2026-04-10 11:38:51","","123","1","123","1","","","","","","","","","","","","","","","","","","","","","","","","","","","","","","","","","","","","","","","","","","","","","","","","","","","","","","","","","","","","","","","","","","","","","","","","","","","","","","","","","","","","","","","","","","","","","","","","","","","","","","","","","","","","","","","","","","","","","","","","","","","","","","","","","","","","","","","","","","","","","","","","","","","","","","","","","","","","","","","","","","","","","","","","","","","","","","","","","","","","","","","","","","","","","","","","","","","","","","","","","","","","","","","","","","","","","","","","","","","","","","","","","","","","","","","","","","","","","","","","","","","","","","","","","","","","","","","","","","","","","","","","","","","","","","","","","","","","","","","","","","","","","","","","","","","","","","","","","","","",""
"obedientMoorhenXXXZrQ5wcG6hyHh_5OPDeXZWV1kwfNNzeec8kSWztfI_ggU6U","41364716","157885","49","2026-04-10 11:51:38","2026-04-10 11:52:50","2026-04-10 11:53:10","","123","1","123","1","","","","","","","","","","","","","","","","","","","","","","","","","","","","","","","","","","","","","","","","","","","","","","","","","","","","","","","","","","","","","","","","","","","","","","","","","","","","","","","","","","","","","","","","","","","","","","","","","","","","","","","","","","","","","","","","","","","","","","","","","","","","","","","","","","","","","","","","","","","","","","","","","","","","","","","","","","","","","","","","","","","","","","","","","","","","","","","","","","","","","","","","","","","","","","","","","","","","","","","","","","","","","","","","","","","","","","","","","","","","","","","","","","","","","","","","","","","","","","","","","","","","","","","","","","","","","","","","","","","","","","","","","","","","","","","","","","","","","","","","","","","","","","","","","","","","","","","","","","","",""
"wittyMistXXXmMpQZZrca9fBTA0z-txTlqeHCrywhl4VT1gbvkfF9YNdpbE59lgx","41364720","157885","50","2026-04-10 11:53:51","2026-04-10 11:56:45","2026-04-10 11:56:54","","123","1","123","1","","","","","","","","","","","","","","","","","","","","","","","","","","","","","","","","","","","","","","","","","","","","","","","","","","","","","","","","","","","","","","","","","","","","","","","","","","","","","","","","","","","","","","","","","","","","","","","","","","","","","","","","","","","","","","","","","","","","","","","","","","","","","","","","","","","","","","","","","","","","","","","","","","","","","","","","","","","","","","","","","","","","","","","","","","","","","","","","","","","","","","","","","","","","","","","","","","","","","","","","","","","","","","","","","","","","","","","","","","","","","","","","","","","","","","","","","","","","","","","","","","","","","","","","","","","","","","","","","","","","","","","","","","","","","","","","","","","","","","","","","","","","","","","","","","","","","","","","","","","",""
"lameBorneoElephantXXXcmUv7du2mx2mhyCegi0J-vmXWJo-IYJ-SSFqV7_CDkN","41364764","157885","51","2026-04-10 12:08:57","2026-04-10 12:13:30","2026-04-10 12:13:40","","123","1","123","1","","","","","","","","","","","","","","","","","","","","","","","","","","","","","","","","","","","","","","","","","","","","","","","","","","","","","","","","","","","","","","","","","","","","","","","","","","","","","","","","","","","","","","","","","","","","","","","","","","","","","","","","","","","","","","","","","","","","","","","","","","","","","","","","","","","","","","","","","","","","","","","","","","","","","","","","","","","","","","","","","","","","","","","","","","","","","","","","","","","","","","","","","","","","","","","","","","","","","","","","","","","","","","","","","","","","","","","","","","","","","","","","","","","","","","","","","","","","","","","","","","","","","","","","","","","","","","","","","","","","","","","","","","","","","","","","","","","","","","","","","","","","","","","","","","","","","","","","","","","",""
"richDolphinXXXNWNa-JLPo3BpjpikY2uOu6kbhblLkMqCCPkHYg8oQ1KPwT0yND","41365861","157885","52","2026-04-10 19:39:06","","","","","","","","","","","","","","","","","","","","","","","","","","","","","","","","","","","","","","","","","","","","","","","","","","","","","","","","","","","","","","","","","","","","","","","","","","","","","","","","","","","","","","","","","","","","","","","","","","","","","","","","","","","","","","","","","","","","","","","","","","","","","","","","","","","","","","","","","","","","","","","","","","","","","","","","","","","","","","","","","","","","","","","","","","","","","","","","","","","","","","","","","","","","","","","","","","","","","","","","","","","","","","","","","","","","","","","","","","","","","","","","","","","","","","","","","","","","","","","","","","","","","","","","","","","","","","","","","","","","","","","","","","","","","","","","","","","","","","","","","","","","","","","","","","","","","","","","","","","","","","","","","","",""
"expensiveFlyXXXyDtr3womVWwLqMvDJtJnM4SaKIG67tpoqsIs48ajHI19SWzg3","41365870","157885","53","2026-04-10 19:43:53","2026-04-10 19:46:45","2026-04-10 19:46:53","","123","1","123","1","","","","","","","","","","","","","","","","","","","","","","","","","","","","","","","","","","","","","","","","","","","","","","","","","","","","","","","","","","","","","","","","","","","","","","","","","","","","","","","","","","","","","","","","","","","","","","","","","","","","","","","","","","","","","","","","","","","","","","","","","","","","","","","","","","","","","","","","","","","","","","","","","","","","","","","","","","","","","","","","","","","","","","","","","","","","","","","","","","","","","","","","","","","","","","","","","","","","","","","","","","","","","","","","","","","","","","","","","","","","","","","","","","","","","","","","","","","","","","","","","","","","","","","","","","","","","","","","","","","","","","","","","","","","","","","","","","","","","","","","","","","","","","","","","","","","","","","","","","","",""
"wide-eyedMongooseXXX2t5xTPB7p8EDWrl7hoR4Nl_vzAzj-IjdA-8-UmrYejnz","41366283","157885","54","2026-04-10 21:35:06","2026-04-10 21:41:28","2026-04-10 21:41:35","","123","1","123","1","","","","","","","","","","","","","","","","","","","","","","","","","","","","","","","","","","","","","","","","","","","","","","","","","","","","","","","","","","","","","","","","","","","","","","","","","","","","","","","","","","","","","","","","","","","","","","","","","","","","","","","","","","","","","","","","","","","","","","","","","","","","","","","","","","","","","","","","","","","","","","","","","","","","","","","","","","","","","","","","","","","","","","","","","","","","","","","","","","","","","","","","","","","","","","","","","","","","","","","","","","","","","","","","","","","","","","","","","","","","","","","","","","","","","","","","","","","","","","","","","","","","","","","","","","","","","","","","","","","","","","","","","","","","","","","","","","","","","","","","","","","","","","","","","","","","","","","","","","","",""
"niceOpossumXXXtzajwnsaAPlXuy6KN6m1YIsm4E4RKjxTy-8ht5chT15foTxR5S","41366344","157885","55","2026-04-10 21:49:13","2026-04-10 21:52:02","2026-04-10 21:52:14","","123","1","123","1","","","","","","","","","","","","","","","","","","","","","","","","","","","","","","","","","","","","","","","","","","","","","","","","","","","","","","","","","","","","","","","","","","","","","","","","","","","","","","","","","","","","","","","","","","","","","","","","","","","","","","","","","","","","","","","","","","","","","","","","","","","","","","","","","","","","","","","","","","","","","","","","","","","","","","","","","","","","","","","","","","","","","","","","","","","","","","","","","","","","","","","","","","","","","","","","","","","","","","","","","","","","","","","","","","","","","","","","","","","","","","","","","","","","","","","","","","","","","","","","","","","","","","","","","","","","","","","","","","","","","","","","","","","","","","","","","","","","","","","","","","","","","","","","","","","","","","","","","","","",""
"toughTetraXXXQE9WUYG1LnEQo7aYjKHIdZwZApHWkZdyuEQP8mfGsWftroMpS8v","41366369","157885","56","2026-04-10 21:53:24","2026-04-10 21:55:44","2026-04-10 21:55:53","","123","1","123","1","","","","","","","","","","","","","","","","","","","","","","","","","","","","","","","","","","","","","","","","","","","","","","","","","","","","","","","","","","","","","","","","","","","","","","","","","","","","","","","","","","","","","","","","","","","","","","","","","","","","","","","","","","","","","","","","","","","","","","","","","","","","","","","","","","","","","","","","","","","","","","","","","","","","","","","","","","","","","","","","","","","","","","","","","","","","","","","","","","","","","","","","","","","","","","","","","","","","","","","","","","","","","","","","","","","","","","","","","","","","","","","","","","","","","","","","","","","","","","","","","","","","","","","","","","","","","","","","","","","","","","","","","","","","","","","","","","","","","","","","","","","","","","","","","","","","","","","","","","","",""
"tenderAsianElephantXXXYD_dp6Le3XcTkMplQ5xGR7AulqsXfd7RGRFtXttoqb","41366390","157885","57","2026-04-10 22:02:48","2026-04-10 22:03:50","2026-04-10 22:04:07","","123","1","123","1","","","","","","","","","","","","","","","","","","","","","","","","","","","","","","","","","","","","","","","","","","","","","","","","","","","","","","","","","","","","","","","","","","","","","","","","","","","","","","","","","","","","","","","","","","","","","","","","","","","","","","","","","","","","","","","","","","","","","","","","","","","","","","","","","","","","","","","","","","","","","","","","","","","","","","","","","","","","","","","","","","","","","","","","","","","","","","","","","","","","","","","","","","","","","","","","","","","","","","","","","","","","","","","","","","","","","","","","","","","","","","","","","","","","","","","","","","","","","","","","","","","","","","","","","","","","","","","","","","","","","","","","","","","","","","","","","","","","","","","","","","","","","","","","","","","","","","","","","","","",""
"easyHyenaXXXfNWtZtuhe7ewJ1mFPGthWh_n5ITH1LFN6RXk8ZZyI_xkhIfaJEKV","41366410","157885","58","2026-04-10 22:06:34","2026-04-10 22:08:53","2026-04-10 22:09:03","","123","1","123","1","","","","","","","","","","","","","","","","","","","","","","","","","","","","","","","","","","","","","","","","","","","","","","","","","","","","","","","","","","","","","","","","","","","","","","","","","","","","","","","","","","","","","","","","","","","","","","","","","","","","","","","","","","","","","","","","","","","","","","","","","","","","","","","","","","","","","","","","","","","","","","","","","","","","","","","","","","","","","","","","","","","","","","","","","","","","","","","","","","","","","","","","","","","","","","","","","","","","","","","","","","","","","","","","","","","","","","","","","","","","","","","","","","","","","","","","","","","","","","","","","","","","","","","","","","","","","","","","","","","","","","","","","","","","","","","","","","","","","","","","","","","","","","","","","","","","","","","","","","","",""
"modernGorillaXXXEEjObDasbi3i0hGXBaiURD2UGTSnAa1_Qy7Ly91Rw596nfCu","41366469","157885","59","2026-04-10 22:22:41","2026-04-10 22:26:47","2026-04-10 22:26:49","","123","1","123","1","","","","","","","","","","","","","","","","","","","","","","","","","","","","","","","","","","","","","","","","","","","","","","","","","","","","","","","","","","","","","","","","","","","","","","","","","","","","","","","","","","","","","","","","","","","","","","","","","","","","","","","","","","","","","","","","","","","","","","","","","","","","","","","","","","","","","","","","","","","","","","","","","","","","","","","","","","","","","","","","","","","","","","","","","","","","","","","","","","","","","","","","","","","","","","","","","","","","","","","","","","","","","","","","","","","","","","","","","","","","","","","","","","","","","","","","","","","","","","","","","","","","","","","","","","","","","","","","","","","","","","","","","","","","","","","","","","","","","","","","","","","","","","","","","","","","","","","","","","","",""
"gleamingHumboldtXXXdTNLdKCNhWEBuxIEagcW0N_CHnlB_9FxFmo4EMUK0OzN2","41366523","157885","60","2026-04-10 22:44:32","2026-04-10 22:47:17","2026-04-10 22:47:18","","123","1","123","1","","","","","","","","","","","","","","","","","","","","","","","","","","","","","","","","","","","","","","","","","","","","","","","","","","","","","","","","","","","","","","","","","","","","","","","","","","","","","","","","","","","","","","","","","","","","","","","","","","","","","","","","","","","","","","","","","","","","","","","","","","","","","","","","","","","","","","","","","","","","","","","","","","","","","","","","","","","","","","","","","","","","","","","","","","","","","","","","","","","","","","","","","","","","","","","","","","","","","","","","","","","","","","","","","","","","","","","","","","","","","","","","","","","","","","","","","","","","","","","","","","","","","","","","","","","","","","","","","","","","","","","","","","","","","","","","","","","","","","","","","","","","","","","","","","","","","","","","","","","",""
"B15sdTie_BLVy_CDtFNAqbJ-rFTselnFf6qA07PRinhzUmhSxhLKNG2zjEhHTV1V","41375871","157885","61","2026-04-13 17:37:03","2026-04-13 17:43:11","","","12345678","","","","","","","","","","","","","","","","","","","","","","","","","","","","","","","","","","","","","","","","","","","","","","","","","","","","","","","","","","","","","","","","","","","","","","","","","","","","","","","","","","","","","","","","","","","","","","","","","","","","","","","","","","","","","","","","","","","","","","","","","","","","","","","","","","","","","","","","","","","","","","","","","","","","","","","","","","","","","","","","","","","","","","","","","","","","","","","","","","","","","","","","","","","","","","","","","","","","","","","","","","","","","","","","","","","","","","","","","","","","","","","","","","","","","","","","","","","","","","","","","","","","","","","","","","","","","","","","","","","","","","","","","","","","","","","","","","","","","","","","","","","","","","","","","","","","","","","","","","","","","","",""
"4FqDu0eoTG2V7wLak4Y4I8tOM29NMWCsGG1qOdSOaiZLS3NBTZpo-VmF3pnvg4t9","41375880","157885","62","2026-04-13 17:43:18","2026-04-13 17:43:21","","","12345","","","","","","","","","","","","","","","","","","","","","","","","","","","","","","","","","","","","","","","","","","","","","","","","","","","","","","","","","","","","","","","","","","","","","","","","","","","","","","","","","","","","","","","","","","","","","","","","","","","","","","","","","","","","","","","","","","","","","","","","","","","","","","","","","","","","","","","","","","","","","","","","","","","","","","","","","","","","","","","","","","","","","","","","","","","","","","","","","","","","","","","","","","","","","","","","","","","","","","","","","","","","","","","","","","","","","","","","","","","","","","","","","","","","","","","","","","","","","","","","","","","","","","","","","","","","","","","","","","","","","","","","","","","","","","","","","","","","","","","","","","","","","","","","","","","","","","","","","","","","","","",""
"BUcq-7sJgOy7uRhFyarfg31-yVnKx89AJBKwsvwLD1Xx2R3UEPeJG5HIIL-Yp46P","41375881","157885","63","2026-04-13 17:43:24","2026-04-13 17:48:50","2026-04-13 17:48:59","","12345","1","12","1","","","","","","","","","","","","","","","","","","","","","","","","","","","","","","","","","","","","","","","","","","","","","","","","","","","","","","","","","","","","","","","","","","","","","","","","","","","","","","","","","","","","","","","","","","","","","","","","","","","","","","","","","","","","","","","","","","","","","","","","","","","","","","","","","","","","","","","","","","","","","","","","","","","","","","","","","","","","","","","","","","","","","","","","","","","","","","","","","","","","","","","","","","","","","","","","","","","","","","","","","","","","","","","","","","","","","","","","","","","","","","","","","","","","","","","","","","","","","","","","","","","","","","","","","","","","","","","","","","","","","","","","","","","","","","","","","","","","","","","","","","","","","","","","","","","","","","","","","","","",""
"uTPvO93f7l7gUQ-a1EAVu0_KUt9c18T-TTCruNx-2NwoGAxkTklSXCujgqZapv1I","41376482","157885","64","2026-04-13 22:02:33","2026-04-13 22:29:17","2026-04-13 22:29:27","","12345","1","12","1","","","","","","","","","","","","","","","","","","","","","","","","","","","","","","","","","","","","","","","","","","","","","","","","","","","","","","","","","","","","","","","","","","","","","","","","","","","","","","","","","","","","","","","","","","","","","","","","","","","","","","","","","","","","","","","","","","","","","","","","","","","","","","","","","","","","","","","","","","","","","","","","","","","","","","","","","","","","","","","","","","","","","","","","","","","","","","","","","","","","","","","","","","","","","","","","","","","","","","","","","","","","","","","","","","","","","","","","","","","","","","","","","","","","","","","","","","","","","","","","","","","","","","","","","","","","","","","","","","","","","","","","","","","","","","","","","","","","","","","","","","","","","","","","","","","","","","","","","","","",""
"hungoverEelXXX1k_7YSu2aOgexWF-4EuYxWVtOkoOWu1y-7akeauc7q68r0TYqF","41381412","157885","65","2026-04-15 05:59:05","2026-04-15 06:02:09","","","","","","","","","","","","","","","","","","","","","","","","","","","","","","","","","","","","","","","","","","","","","","","","","","","","","","","","","","","","","","","","","","","","","","","","","","","","","","","","","","","","","","","","","","","","","","","","","","","","","","","","","","","","","","","","","","","","","","","","","","","","","","","","","","","","","","","","","","","","","","","","","","","","","","","","","","","","","","","","","","","","","","","","","","","","","","","","","","","","","","","","","","","","","","","","","","","","","","","","","","","","","","","","","","","","","","","","","","","","","","","","","","","","","","","","","","","","","","","","","","","","","","","","","","","","","","","","","","","","","","","","","","","","","","","","","","","","","","","","","","","","","","","","","","","","","","","","","","","","","","","","","",""
"cleanRobinXXXT2w7WbxbQgveErXuZ2X2sB1g0Yeyt5cfVd2dRFQKMmB32HrV5S4","41381422","157885","66","2026-04-15 06:02:24","2026-04-15 06:03:56","","","","","","","","","","","","","","","","","","","","","","","","","","","","","","","","","","","","","","","","","","","","","","","","","","","","","","","","","","","","","","","","","","","","","","","","","","","","","","","","","","","","","","","","","","","","","","","","","","","","","","","","","","","","","","","","","","","","","","","","","","","","","","","","","","","","","","","","","","","","","","","","","","","","","","","","","","","","","","","","","","","","","","","","","","","","","","","","","","","","","","","","","","","","","","","","","","","","","","","","","","","","","","","","","","","","","","","","","","","","","","","","","","","","","","","","","","","","","","","","","","","","","","","","","","","","","","","","","","","","","","","","","","","","","","","","","","","","","","","","","","","","","","","","","","","","","","","","","","","","","","","","","",""
"successfulMongooseXXXwqMkcihzgnCG8RhM4l4S3QEEhpi_RqIeeI1EF9dKLsO","41381423","157885","67","2026-04-15 06:04:02","2026-04-15 06:04:49","","","","","","","","","","","","","","","","","","","","","","","","","","","","","","","","","","","","","","","","","","","","","","","","","","","","","","","","","","","","","","","","","","","","","","","","","","","","","","","","","","","","","","","","","","","","","","","","","","","","","","","","","","","","","","","","","","","","","","","","","","","","","","","","","","","","","","","","","","","","","","","","","","","","","","","","","","","","","","","","","","","","","","","","","","","","","","","","","","","","","","","","","","","","","","","","","","","","","","","","","","","","","","","","","","","","","","","","","","","","","","","","","","","","","","","","","","","","","","","","","","","","","","","","","","","","","","","","","","","","","","","","","","","","","","","","","","","","","","","","","","","","","","","","","","","","","","","","","","","","","","","","","",""
"famousBaboonXXXDYYFvX_aKhkwgSmdqeu_p3EelOI6H4fRKnCVEGu3PIsAED4mK","41381425","157885","68","2026-04-15 06:05:32","2026-04-15 06:05:41","","","","","","","","","","","","","","","","","","","","","","","","","","","","","","","","","","","","","","","","","","","","","","","","","","","","","","","","","","","","","","","","","","","","","","","","","","","","","","","","","","","","","","","","","","","","","","","","","","","","","","","","","","","","","","","","","","","","","","","","","","","","","","","","","","","","","","","","","","","","","","","","","","","","","","","","","","","","","","","","","","","","","","","","","","","","","","","","","","","","","","","","","","","","","","","","","","","","","","","","","","","","","","","","","","","","","","","","","","","","","","","","","","","","","","","","","","","","","","","","","","","","","","","","","","","","","","","","","","","","","","","","","","","","","","","","","","","","","","","","","","","","","","","","","","","","","","","","","","","","","","","","","",""
"iSDDLezZ4_w8S9MGIfXzyLgVcDC4Zuy2-RBQtvrXesLAzoWA4OuNoDKqBc3g4WLl","41381426","157885","69","2026-04-15 06:05:52","2026-04-15 06:06:02","","","","","","","","","","","","","","","","","","","","","","","","","","","","","","","","","","","","","","","","","","","","","","","","","","","","","","","","","","","","","","","","","","","","","","","","","","","","","","","","","","","","","","","","","","","","","","","","","","","","","","","","","","","","","","","","","","","","","","","","","","","","","","","","","","","","","","","","","","","","","","","","","","","","","","","","","","","","","","","","","","","","","","","","","","","","","","","","","","","","","","","","","","","","","","","","","","","","","","","","","","","","","","","","","","","","","","","","","","","","","","","","","","","","","","","","","","","","","","","","","","","","","","","","","","","","","","","","","","","","","","","","","","","","","","","","","","","","","","","","","","","","","","","","","","","","","","","","","","","","","","","","","",""
"beautifulCommonBuzzardXXX-dJvaJNS-_qXmUBmb7ZvK8NsPNEpXW6sKI_3Hsa","41381428","157885","70","2026-04-15 06:06:45","2026-04-15 06:07:40","2026-04-15 06:07:45","","123","1","123","1","","","","","","","","","","","","","","","","","","","","","","","","","","","","","","","","","","","","","","","","","","","","","","","","","","","","","","","","","","","","","","","","","","","","","","","","","","","","","","","","","","","","","","","","","","","","","","","","","","","","","","","","","","","","","","","","","","","","","","","","","","","","","","","","","","","","","","","","","","","","","","","","","","","","","","","","","","","","","","","","","","","","","","","","","","","","","","","","","","","","","","","","","","","","","","","","","","","","","","","","","","","","","","","","","","","","","","","","","","","","","","","","","","","","","","","","","","","","","","","","","","","","","","","","","","","","","","","","","","","","","","","","","","","","","","","","","","","","","","","","","","","","","","","","","","","","","","","","","","","",""
"beautifulCommonBuzzardXXX-dJvaJNS-_qXmUBmb7ZvK8NsPNEpXW6sKI_3Hsa","41381429","157885","71","2026-04-15 06:07:45","2026-04-15 06:08:05","","","123","1","123","1","","","","","","","","","","","","","","","","","","","","","","","","","","","","","","","","","","","","","","","","","","","","","","","","","","","","","","","","","","","","","","","","","","","","","","","","","","","","","","","","","","","","","","","","","","","","","","","","","","","","","","","","","","","","","","","","","","","","","","","","","","","","","","","","","","","","","","","","","","","","","","","","","","","","","","","","","","","","","","","","","","","","","","","","","","","","","","","","","","","","","","","","","","","","","","","","","","","","","","","","","","","","","","","","","","","","","","","","","","","","","","","","","","","","","","","","","","","","","","","","","","","","","","","","","","","","","","","","","","","","","","","","","","","","","","","","","","","","","","","","","","","","","","","","","","","","","","","","","","","",""
"boredCuttlefishXXXnIMokyJMvqPNbi_V--SP-O0ZVv9a1V27zExe-EE9fBudqn","41381461","157885","72","2026-04-15 06:08:59","2026-04-15 06:22:45","","","123","1","123","1","","","","","","","","","","","","","","","","","","","","","","","","","","","","","","","","","","","","","","","","","","","","","","","","","","","","","","","","","","","","","","","","","","","","","","","","","","","","","","","","","","","","","","","","","","","","","","","","","","","","","","","","","","","","","","","","","","","","","","","","","","","","","","","","","","","","","","","","","","","","","","","","","","","","","","","","","","","","","","","","","","","","","","","","","","","","","","","","","","","","","","","","","","","","","","","","","","","","","","","","","","","","","","","","","","","","","","","","","","","","","","","","","","","","","","","","","","","","","","","","","","","","","","","","","","","","","","","","","","","","","","","","","","","","","","","","","","","","","","","","","","","","","","","","","","","","","","","","","","","",""
"inquisitiveCoyoteXXXrs4c8hrPgmbJFVzMpo9M21FI463uoKcuol8LtHB5NRhn","41381486","157885","73","2026-04-15 06:29:06","2026-04-15 06:29:27","","","123","1","123","1","","","","","","","","","","","","","","","","","","","","","","","","","","","","","","","","","","","","","","","","","","","","","","","","","","","","","","","","","","","","","","","","","","","","","","","","","","","","","","","","","","","","","","","","","","","","","","","","","","","","","","","","","","","","","","","","","","","","","","","","","","","","","","","","","","","","","","","","","","","","","","","","","","","","","","","","","","","","","","","","","","","","","","","","","","","","","","","","","","","","","","","","","","","","","","","","","","","","","","","","","","","","","","","","","","","","","","","","","","","","","","","","","","","","","","","","","","","","","","","","","","","","","","","","","","","","","","","","","","","","","","","","","","","","","","","","","","","","","","","","","","","","","","","","","","","","","","","","","","","",""
"plainBaskingXXX6yYHYcwfXjXOPYcchjkkntPFLyi04o-Dv1WCJqI5wkesPX8az","41381490","157885","74","2026-04-15 06:32:09","2026-04-15 06:32:26","","","123","1","123","1","","","","","","","","","","","","","","","","","","","","","","","","","","","","","","","","","","","","","","","","","","","","","","","","","","","","","","","","","","","","","","","","","","","","","","","","","","","","","","","","","","","","","","","","","","","","","","","","","","","","","","","","","","","","","","","","","","","","","","","","","","","","","","","","","","","","","","","","","","","","","","","","","","","","","","","","","","","","","","","","","","","","","","","","","","","","","","","","","","","","","","","","","","","","","","","","","","","","","","","","","","","","","","","","","","","","","","","","","","","","","","","","","","","","","","","","","","","","","","","","","","","","","","","","","","","","","","","","","","","","","","","","","","","","","","","","","","","","","","","","","","","","","","","","","","","","","","","","","","","",""
"3WmvHI1F_AuXHg91-cc8lkZjf1RBd-TWQBhn3TtA4MFP708p1sk5dDp1cdoWYpkV","41381492","157885","75","2026-04-15 06:32:38","2026-04-15 06:32:58","","","123","1","123","1","","","","","","","","","","","","","","","","","","","","","","","","","","","","","","","","","","","","","","","","","","","","","","","","","","","","","","","","","","","","","","","","","","","","","","","","","","","","","","","","","","","","","","","","","","","","","","","","","","","","","","","","","","","","","","","","","","","","","","","","","","","","","","","","","","","","","","","","","","","","","","","","","","","","","","","","","","","","","","","","","","","","","","","","","","","","","","","","","","","","","","","","","","","","","","","","","","","","","","","","","","","","","","","","","","","","","","","","","","","","","","","","","","","","","","","","","","","","","","","","","","","","","","","","","","","","","","","","","","","","","","","","","","","","","","","","","","","","","","","","","","","","","","","","","","","","","","","","","","","",""
"k7zuNSWj61sOHaDno-W2D8023P_XF19KfHfjcWjPWcDlfYRTbG-XKNPKOj5ZbHPn","41381493","157885","76","2026-04-15 06:33:26","2026-04-15 06:33:41","","","123","1","123","1","","","","","","","","","","","","","","","","","","","","","","","","","","","","","","","","","","","","","","","","","","","","","","","","","","","","","","","","","","","","","","","","","","","","","","","","","","","","","","","","","","","","","","","","","","","","","","","","","","","","","","","","","","","","","","","","","","","","","","","","","","","","","","","","","","","","","","","","","","","","","","","","","","","","","","","","","","","","","","","","","","","","","","","","","","","","","","","","","","","","","","","","","","","","","","","","","","","","","","","","","","","","","","","","","","","","","","","","","","","","","","","","","","","","","","","","","","","","","","","","","","","","","","","","","","","","","","","","","","","","","","","","","","","","","","","","","","","","","","","","","","","","","","","","","","","","","","","","","","","",""
"pPTUnfBXG8yboHuJ7USymuKdHt77DKQa0-6aQ-5Bq0uQBrF7GDRuFH98SPz0nC9R","41381501","157885","77","2026-04-15 06:36:05","2026-04-15 06:36:24","","","123","1","123","1","","","","","","","","","","","","","","","","","","","","","","","","","","","","","","","","","","","","","","","","","","","","","","","","","","","","","","","","","","","","","","","","","","","","","","","","","","","","","","","","","","","","","","","","","","","","","","","","","","","","","","","","","","","","","","","","","","","","","","","","","","","","","","","","","","","","","","","","","","","","","","","","","","","","","","","","","","","","","","","","","","","","","","","","","","","","","","","","","","","","","","","","","","","","","","","","","","","","","","","","","","","","","","","","","","","","","","","","","","","","","","","","","","","","","","","","","","","","","","","","","","","","","","","","","","","","","","","","","","","","","","","","","","","","","","","","","","","","","","","","","","","","","","","","","","","","","","","","","","","",""
"","41381502","157885","78","2026-04-15 06:36:29","2026-04-15 06:36:42","","","123","1","123","1","","","","","","","","","","","","","","","","","","","","","","","","","","","","","","","","","","","","","","","","","","","","","","","","","","","","","","","","","","","","","","","","","","","","","","","","","","","","","","","","","","","","","","","","","","","","","","","","","","","","","","","","","","","","","","","","","","","","","","","","","","","","","","","","","","","","","","","","","","","","","","","","","","","","","","","","","","","","","","","","","","","","","","","","","","","","","","","","","","","","","","","","","","","","","","","","","","","","","","","","","","","","","","","","","","","","","","","","","","","","","","","","","","","","","","","","","","","","","","","","","","","","","","","","","","","","","","","","","","","","","","","","","","","","","","","","","","","","","","","","","","","","","","","","","","","","","","","","","","","",""
"oD-_AzSGkCBYu0uZopUns7PqMh47NNdNdIer1q22cM5fx2TE4QTyVVhFbCPuq7tG","41381503","157885","79","2026-04-15 06:37:56","2026-04-15 06:38:53","","","123","1","123","1","","","","","","","","","","","","","","","","","","","","","","","","","","","","","","","","","","","","","","","","","","","","","","","","","","","","","","","","","","","","","","","","","","","","","","","","","","","","","","","","","","","","","","","","","","","","","","","","","","","","","","","","","","","","","","","","","","","","","","","","","","","","","","","","","","","","","","","","","","","","","","","","","","","","","","","","","","","","","","","","","","","","","","","","","","","","","","","","","","","","","","","","","","","","","","","","","","","","","","","","","","","","","","","","","","","","","","","","","","","","","","","","","","","","","","","","","","","","","","","","","","","","","","","","","","","","","","","","","","","","","","","","","","","","","","","","","","","","","","","","","","","","","","","","","","","","","","","","","","","",""
"lameGuineaFowlXXXP5IEs1UPyvI-jcst_hFPHYwnmi-EuQaXQWDn7uYzeD8GFF5","41381510","157885","80","2026-04-15 06:40:56","2026-04-15 06:41:10","","","123","1","123","1","","","","","","","","","","","","","","","","","","","","","","","","","","","","","","","","","","","","","","","","","","","","","","","","","","","","","","","","","","","","","","","","","","","","","","","","","","","","","","","","","","","","","","","","","","","","","","","","","","","","","","","","","","","","","","","","","","","","","","","","","","","","","","","","","","","","","","","","","","","","","","","","","","","","","","","","","","","","","","","","","","","","","","","","","","","","","","","","","","","","","","","","","","","","","","","","","","","","","","","","","","","","","","","","","","","","","","","","","","","","","","","","","","","","","","","","","","","","","","","","","","","","","","","","","","","","","","","","","","","","","","","","","","","","","","","","","","","","","","","","","","","","","","","","","","","","","","","","","","","",""
"wonderfulGlowWormXXX0oTUYFqoQ8YKTpPA0Ja1yl4wJVchmh38mUWlf-AoP7ux","41381514","157885","81","2026-04-15 06:42:30","2026-04-15 06:44:35","2026-04-15 06:44:39","","123","1","123","1","asd1","1","thank the formr monkey","1","1","1","-888","","","","","","","","","","","","","","","","1","","thank the formr monkey","1, 2, 3, 4, 5, 6, 7, -888","thank the formr monkey","-888","-888","2","asd2","1","thank the formr monkey","1","1","1","-888","","","","","","","","","","","","","","","","1","","thank the formr monkey","1, 2, 3, 4, 5, 6, 7, -888","thank the formr monkey","-888","-888","2","asd3","1","thank the formr monkey","1","1","1","-888","","","","","","","","","","","","","","","","1","","thank the formr monkey","1, 2, 3, 4, 5, 6, 7, -888","thank the formr monkey","-888","-888","2","asd4","1","thank the formr monkey","1","1","1","-888","","","","","","","","","","","","","","","","1","","thank the formr monkey","1, 2, 3, 4, 5, 6, 7, -888","thank the formr monkey","-888","-888","2","asd5","1","thank the formr monkey","1","1","1","-888","","","","","","","","","","","","","","","","1","","thank the formr monkey","1, 2, 3, 4, 5, 6, 7, -888","thank the formr monkey","-888","-888","2","asd6","1","thank the formr monkey","1","1","1","-888","","","","","","","","","","","","","","","","1","","thank the formr monkey","1, 2, 3, 4, 5, 6, 7, -888","thank the formr monkey","-888","-888","2","asd7","1","thank the formr monkey","1","1","1","-888","","","","","","","","","","","","","","","","1","","thank the formr monkey","1, 2, 3, 4, 5, 6, 7, -888","thank the formr monkey","-888","-888","2","asd8","1","thank the formr monkey","1","1","1","-888","","","","","","","","","","","","","","","","1","","thank the formr monkey","1, 2, 3, 4, 5, 6, 7, -888","thank the formr monkey","-888","-888","1","","","","","","","","","","","","","","","","","","","","","","","","","","","","","","","","","","","","","","","","","","","","","","","","","","","","","","","","","","","","2026-04-15"
"lameBombayXXXC2TF7eHaIsEjcv1kJKbQSKTGbXr2g1rzM6w9Xv9iCQlnbwczUF4","41381525","157885","82","2026-04-15 06:48:44","2026-04-15 06:50:35","2026-04-15 06:50:37","","123","1","123","1","asd1","1","thank the formr monkey","1","1","1","-888","","","","","","","","","","","","","","","","1","","thank the formr monkey","1, 2, 3, 4, 5, 6, 7, -888","thank the formr monkey","-888","-888","2","asd2","1","thank the formr monkey","1","1","1","-888","","","","","","","","","","","","","","","","1","","thank the formr monkey","1, 2, 3, 4, 5, 6, 7, -888","thank the formr monkey","-888","-888","2","asd3","1","thank the formr monkey","1","1","1","-888","","","","","","","","","","","","","","","","1","","thank the formr monkey","1, 2, 3, 4, 5, 6, 7, -888","thank the formr monkey","-888","-888","2","asd4","1","thank the formr monkey","1","1","1","-888","","","","","","","","","","","","","","","","1","","thank the formr monkey","1, 2, 3, 4, 5, 6, 7, -888","thank the formr monkey","-888","-888","2","asd5","1","thank the formr monkey","1","1","1","-888","","","","","","","","","","","","","","","","1","","thank the formr monkey","1, 2, 3, 4, 5, 6, 7, -888","thank the formr monkey","-888","-888","2","asd6","1","thank the formr monkey","1","1","1","-888","","","","","","","","","","","","","","","","1","","thank the formr monkey","1, 2, 3, 4, 5, 6, 7, -888","thank the formr monkey","-888","-888","2","asd7","1","thank the formr monkey","1","1","1","-888","","","","","","","","","","","","","","","","1","","thank the formr monkey","1, 2, 3, 4, 5, 6, 7, -888","thank the formr monkey","-888","-888","2","asd8","1","thank the formr monkey","1","1","1","-888","","","","","","","","","","","","","","","","1","","thank the formr monkey","1, 2, 3, 4, 5, 6, 7, -888","thank the formr monkey","-888","-888","2","asd9","1","thank the formr monkey","1","1","1","-888","","","","","","","","","","","","","","","","1","","thank the formr monkey","1, 2, 3, 4, 5, 6, 7, -888","thank the formr monkey","-888","-888","2","asd10","1","thank the formr monkey","1","1","1","-888","","","","","","","","","","","","","","","","1","","thank the formr monkey","1, 2, 3, 4, 5, 6, 7, -888","thank the formr monkey","-888","-888","2026-04-15"
"helplessZebraSharkXXXkhx14FLF56K4VSvIfMlJMMoM5ac1Z4a-YSlogdQ8n0d","41381571","157885","83","2026-04-15 07:11:00","2026-04-15 07:12:07","2026-04-15 07:12:16","","123","1","123","2","asd1","1","thank the formr monkey","1","1","1","-888","","","","","","","","","","","","","","","","1","","thank the formr monkey","1, 2, 3, 4, 5, 6, 7, -888","thank the formr monkey","-888","-888","2","asd2","1","thank the formr monkey","1","1","1","-888","","","","","","","","","","","","","","","","1","","thank the formr monkey","1, 2, 3, 4, 5, 6, 7, -888","thank the formr monkey","-888","-888","2","asd3","1","thank the formr monkey","1","1","1","-888","","","","","","","","","","","","","","","","1","","thank the formr monkey","1, 2, 3, 4, 5, 6, 7, -888","thank the formr monkey","-888","-888","2","asd4","1","thank the formr monkey","1","1","1","-888","","","","","","","","","","","","","","","","1","","thank the formr monkey","1, 2, 3, 4, 5, 6, 7, -888","thank the formr monkey","-888","-888","2","asd5","1","thank the formr monkey","1","1","1","-888","","","","","","","","","","","","","","","","1","","thank the formr monkey","1, 2, 3, 4, 5, 6, 7, -888","thank the formr monkey","-888","-888","1","","","","","","","","","","","","","","","","","","","","","","","","","","","","","","","","","","","","","","","","","","","","","","","","","","","","","","","","","","","","","","","","","","","","","","","","","","","","","","","","","","","","","","","","","","","","","","","","","","","","","","","","","","","","","","","","","","","","","","","","","","","","","","","","","","","","","","","","","","","","","","","","","","","","","","2026-04-15"
"difficultChinookXXX4NRh5uWSjZkpILwvxuG5O2huTKHQrAqsKL_8FZf18NdNu","41381598","157885","84","2026-04-15 07:28:27","2026-04-15 07:29:19","2026-04-15 07:29:31","","123","1","123","1","asd1","1","thank the formr monkey","1","1","1","-888","","","","","","","","","","","","","","","","1","","thank the formr monkey","1, 2, 3, 4, 5, 6, 7, -888","thank the formr monkey","-888","-888","2","asd2","1","thank the formr monkey","1","1","1","-888","","","","","","","","","","","","","","","","1","","thank the formr monkey","1, 2, 3, 4, 5, 6, 7, -888","thank the formr monkey","-888","-888","2","asd3","1","thank the formr monkey","1","1","1","-888","","","","","","","","","","","","","","","","1","","thank the formr monkey","1, 2, 3, 4, 5, 6, 7, -888","thank the formr monkey","-888","-888","1","","","","","","","","","","","","","","","","","","","","","","","","","","","","","","","","","","","","","","","","","","","","","","","","","","","","","","","","","","","","","","","","","","","","","","","","","","","","","","","","","","","","","","","","","","","","","","","","","","","","","","","","","","","","","","","","","","","","","","","","","","","","","","","","","","","","","","","","","","","","","","","","","","","","","","","","","","","","","","","","","","","","","","","","","","","","","","","","","","","","","","","","","","","","","","","","","","","","","","","","","","","","","","","","","","2026-04-15"
"braveQuailXXXqm5JA4jEYrcGmrW7-Jv9T39Y0o-jp2uN19so0XfCntJTp_56bBp","41381606","157885","85","2026-04-15 07:31:25","2026-04-15 07:32:49","2026-04-15 07:32:57","","123","1","123","1","asd1","1","thank the formr monkey","1","1","1","-888","","","","","","","","","","","","","","","","1","","thank the formr monkey","1, 2, 3, 4, 5, 6, 7, -888","thank the formr monkey","-888","-888","2","asd2","1","thank the formr monkey","1","1","1","-888","","","","","","","","","","","","","","","","1","","thank the formr monkey","1, 2, 3, 4, 5, 6, 7, -888","thank the formr monkey","-888","-888","2","asd3","1","thank the formr monkey","1","1","1","-888","","","","","","","","","","","","","","","","1","","thank the formr monkey","1, 2, 3, 4, 5, 6, 7, -888","thank the formr monkey","-888","-888","2","asd4","1","thank the formr monkey","1","1","1","-888","","","","","","","","","","","","","","","","1","","thank the formr monkey","1, 2, 3, 4, 5, 6, 7, -888","thank the formr monkey","-888","-888","2","asd5","1","thank the formr monkey","1","1","1","-888","","","","","","","","","","","","","","","","1","","thank the formr monkey","1, 2, 3, 4, 5, 6, 7, -888","thank the formr monkey","-888","-888","1","","","","","","","","","","","","","","","","","","","","","","","","","","","","","","","","","","","","","","","","","","","","","","","","","","","","","","","","","","","","","","","","","","","","","","","","","","","","","","","","","","","","","","","","","","","","","","","","","","","","","","","","","","","","","","","","","","","","","","","","","","","","","","","","","","","","","","","","","","","","","","","","","","","","","","2026-04-15"
"9RkvWZyE6PqkF0cAvDtOmJ2jOuQ7ufHx9YVy5Scwjz2OyRg5WoC3yJ52Ppt_81EL","41384872","157885","86","2026-04-15 15:05:05","","","","","","","","","","","","","","","","","","","","","","","","","","","","","","","","","","","","","","","","","","","","","","","","","","","","","","","","","","","","","","","","","","","","","","","","","","","","","","","","","","","","","","","","","","","","","","","","","","","","","","","","","","","","","","","","","","","","","","","","","","","","","","","","","","","","","","","","","","","","","","","","","","","","","","","","","","","","","","","","","","","","","","","","","","","","","","","","","","","","","","","","","","","","","","","","","","","","","","","","","","","","","","","","","","","","","","","","","","","","","","","","","","","","","","","","","","","","","","","","","","","","","","","","","","","","","","","","","","","","","","","","","","","","","","","","","","","","","","","","","","","","","","","","","","","","","","","","","","","","","","","","","","",""
"WoSDTBtrJ65nk2gmbPwCUmIyKOTD_RL_TJGX-YTeY_KrZdJ48QAYHxCITNfVIV9u","41384873","157885","87","2026-04-15 15:05:06","2026-04-15 17:06:23","2026-04-15 17:06:26","","12345","1","4","1","Yo","2","41","7","1","6","","","","","","35","","","","","","","","","","","1","","0","1, 2, 3, 4, 5, 6, 7","Ir de compras","5","4","2","Padre","1","42","5","1","6","","","","","","33","","","","","","","","","","","1","","0","1, 2, 3, 4, 5, 6","","5","4","2","Abuela materna","2","70","1","1","6","","","","","","35","","","","","","","","","","","9","","0","1, 2, 4, 5, 6","","1","4","2","Abuela Paterna","2","59","1","1","6","","","","","","35","","","","","","","","","","","10","","2","1, 2, 5","","2","2","2","Tía materna","2","48","7","1","6","","","","","","35","","","","","","","","","","","11","","2","1, 5, 6","","1","1","1","","","","","","","","","","","","","","","","","","","","","","","","","","","","","","","","","","","","","","","","","","","","","","","","","","","","","","","","","","","","","","","","","","","","","","","","","","","","","","","","","","","","","","","","","","","","","","","","","","","","","","","","","","","","","","","","","","","","","","","","","","","","","","","","","","","","","","","","","","","","","","","","","","","","","","2026-04-15"
"D4sJcKScBZkH9QMdA4-t4zXfgTctdaowrgxV-GkIpVZQxzyptVaS8a2Ip5uHYfdK","41384874","157885","88","2026-04-15 15:05:21","","","","","","","","","","","","","","","","","","","","","","","","","","","","","","","","","","","","","","","","","","","","","","","","","","","","","","","","","","","","","","","","","","","","","","","","","","","","","","","","","","","","","","","","","","","","","","","","","","","","","","","","","","","","","","","","","","","","","","","","","","","","","","","","","","","","","","","","","","","","","","","","","","","","","","","","","","","","","","","","","","","","","","","","","","","","","","","","","","","","","","","","","","","","","","","","","","","","","","","","","","","","","","","","","","","","","","","","","","","","","","","","","","","","","","","","","","","","","","","","","","","","","","","","","","","","","","","","","","","","","","","","","","","","","","","","","","","","","","","","","","","","","","","","","","","","","","","","","","","","","","","","","","",""
"SKzP0C-CtrnGLwk-rS7_i9DCK2B9vzVwAfrGDakNzRHHTdjpCT2kkz8TMBeXxmwD","41385627","157885","89","2026-04-15 17:21:28","","","","","","","","","","","","","","","","","","","","","","","","","","","","","","","","","","","","","","","","","","","","","","","","","","","","","","","","","","","","","","","","","","","","","","","","","","","","","","","","","","","","","","","","","","","","","","","","","","","","","","","","","","","","","","","","","","","","","","","","","","","","","","","","","","","","","","","","","","","","","","","","","","","","","","","","","","","","","","","","","","","","","","","","","","","","","","","","","","","","","","","","","","","","","","","","","","","","","","","","","","","","","","","","","","","","","","","","","","","","","","","","","","","","","","","","","","","","","","","","","","","","","","","","","","","","","","","","","","","","","","","","","","","","","","","","","","","","","","","","","","","","","","","","","","","","","","","","","","","","","","","","","","",""
"31lTH01cYA4oo5haAsYhqOtAz0RcI6iVrE20rhAbHV4iAdnaCOMGCoMc8vrBPwxL","41385628","157885","90","2026-04-15 17:21:30","2026-04-15 20:01:24","2026-04-15 20:01:28","","12346","2","2","1","Yo","2","29","7","1","6","","","","","","25","","","","","","","","","","","1","","0","1, 2, 3, 4, 5, 6","","5","4","2","Padre","1","29","7","1","6","","","","","","25","","","","","","","","","","","1","","0","1, 2, 3, 4, 5, 6","","5","3","2","Prima","2","20","6","1","6","","","","","","25","","","","","","","","","","","12","","0","1, 2, 5, 6","","3","3","2","Abuela paterna","2","50","3","1","6","","","","","","35","","","","","","","","","","","10","","0","1, 2, 5, 6","","3","3","1","","","","","","","","","","","","","","","","","","","","","","","","","","","","","","","","","","","","","","","","","","","","","","","","","","","","","","","","","","","","","","","","","","","","","","","","","","","","","","","","","","","","","","","","","","","","","","","","","","","","","","","","","","","","","","","","","","","","","","","","","","","","","","","","","","","","","","","","","","","","","","","","","","","","","","","","","","","","","","","","","","","","","","","","","","","","","","","","","","","","2026-04-15"
"hItLhHLI4Tar23GfypSZeLR8gMLLGwRZa8Ayo9wMbSi1iUvObK9AHLe3mnGwA4vM","41385629","157885","91","2026-04-15 17:21:47","","","","","","","","","","","","","","","","","","","","","","","","","","","","","","","","","","","","","","","","","","","","","","","","","","","","","","","","","","","","","","","","","","","","","","","","","","","","","","","","","","","","","","","","","","","","","","","","","","","","","","","","","","","","","","","","","","","","","","","","","","","","","","","","","","","","","","","","","","","","","","","","","","","","","","","","","","","","","","","","","","","","","","","","","","","","","","","","","","","","","","","","","","","","","","","","","","","","","","","","","","","","","","","","","","","","","","","","","","","","","","","","","","","","","","","","","","","","","","","","","","","","","","","","","","","","","","","","","","","","","","","","","","","","","","","","","","","","","","","","","","","","","","","","","","","","","","","","","","","","","","","","","","",""
"WYFT8ZrOLX64FPoxePz5PdtiXx2c6LROmCwk0yvUIAblTerrGOMHhpK3ulamF7gQ","41387212","157885","92","2026-04-15 19:42:37","","","","","","","","","","","","","","","","","","","","","","","","","","","","","","","","","","","","","","","","","","","","","","","","","","","","","","","","","","","","","","","","","","","","","","","","","","","","","","","","","","","","","","","","","","","","","","","","","","","","","","","","","","","","","","","","","","","","","","","","","","","","","","","","","","","","","","","","","","","","","","","","","","","","","","","","","","","","","","","","","","","","","","","","","","","","","","","","","","","","","","","","","","","","","","","","","","","","","","","","","","","","","","","","","","","","","","","","","","","","","","","","","","","","","","","","","","","","","","","","","","","","","","","","","","","","","","","","","","","","","","","","","","","","","","","","","","","","","","","","","","","","","","","","","","","","","","","","","","","","","","","","","","",""
"m_fG4exMcZnxYvPnTMvwSvTXnvFSOyDD_Go_WsiqiM24kPW0xF1km0yI9Oh0A5zc","41391394","157885","93","2026-04-16 17:02:20","","","","","","","","","","","","","","","","","","","","","","","","","","","","","","","","","","","","","","","","","","","","","","","","","","","","","","","","","","","","","","","","","","","","","","","","","","","","","","","","","","","","","","","","","","","","","","","","","","","","","","","","","","","","","","","","","","","","","","","","","","","","","","","","","","","","","","","","","","","","","","","","","","","","","","","","","","","","","","","","","","","","","","","","","","","","","","","","","","","","","","","","","","","","","","","","","","","","","","","","","","","","","","","","","","","","","","","","","","","","","","","","","","","","","","","","","","","","","","","","","","","","","","","","","","","","","","","","","","","","","","","","","","","","","","","","","","","","","","","","","","","","","","","","","","","","","","","","","","","","","","","","","","",""
"CtZHumEHYmoZ9B_Y3HvbE-U5N7Kpg_R8xMoceMxRk35Y3GIHXAGYIYyWgPoDG-tr","41391395","157885","94","2026-04-16 17:02:22","2026-04-16 17:11:15","2026-04-16 17:11:20","","12347","2","6","1","Yo","1","32","7","1","6","","","","","","13","","","","","","","","","","","2","","0","1, 2, 3, 5, 6","","3","4","2","Madre","2","32","7","1","6","","","","","","13","","","","","","","","","","","1","","0","1, 2, 3, 4, 5, 6","","5","4","2","Abuela materna","2","58","5","1","6","","","","","","13","","","","","","","","","","","9","","0","1, 2, 3, 5, 6","","5","4","2","Abuela paterna","2","57","3","1","6","","","","","","13","","","","","","","","","","","10","","4","1, 2, 4, 5","","3","1","1","","","","","","","","","","","","","","","","","","","","","","","","","","","","","","","","","","","","","","","","","","","","","","","","","","","","","","","","","","","","","","","","","","","","","","","","","","","","","","","","","","","","","","","","","","","","","","","","","","","","","","","","","","","","","","","","","","","","","","","","","","","","","","","","","","","","","","","","","","","","","","","","","","","","","","","","","","","","","","","","","","","","","","","","","","","","","","","","","","","","2026-04-16"
"9uo-VgDkqA23-CHCZPstMqHYVUt7DYWwgn_LU1GdANOGBqeXGRde8etS_sPZ_t18","41417573","157885","95","2026-04-21 19:22:14","","","","","","","","","","","","","","","","","","","","","","","","","","","","","","","","","","","","","","","","","","","","","","","","","","","","","","","","","","","","","","","","","","","","","","","","","","","","","","","","","","","","","","","","","","","","","","","","","","","","","","","","","","","","","","","","","","","","","","","","","","","","","","","","","","","","","","","","","","","","","","","","","","","","","","","","","","","","","","","","","","","","","","","","","","","","","","","","","","","","","","","","","","","","","","","","","","","","","","","","","","","","","","","","","","","","","","","","","","","","","","","","","","","","","","","","","","","","","","","","","","","","","","","","","","","","","","","","","","","","","","","","","","","","","","","","","","","","","","","","","","","","","","","","","","","","","","","","","","","","","","","","","","",""
"_2klF_SYJzDVleosNEkK9EtwcG8HtUtnNnzZiD0FEFiSfNEuxfZbXBmJ-NIvzdMD","41417694","157885","96","2026-04-21 20:18:40","2026-04-21 21:13:04","2026-04-21 21:13:13","","22222","2","6","1","Yo","2","41","8","9","9","","","","","","","","","26","","","","","","","","1","","0","1, 2, 4, 5, 6","","5","4","2","Diego","1","41","8","7","9","","","","","","","","","26","","","","","","","","1","","0","1, 2, 4, 5, 6","","5","4","2","Olga","2","72","7","1","7","","","","","","","52","","","","","","","","","","10","","0","1, 2, 4, 5, 6","","3","4","1","","","","","","","","","","","","","","","","","","","","","","","","","","","","","","","","","","","","","","","","","","","","","","","","","","","","","","","","","","","","","","","","","","","","","","","","","","","","","","","","","","","","","","","","","","","","","","","","","","","","","","","","","","","","","","","","","","","","","","","","","","","","","","","","","","","","","","","","","","","","","","","","","","","","","","","","","","","","","","","","","","","","","","","","","","","","","","","","","","","","","","","","","","","","","","","","","","","","","","","","","","","","","","","","","","2026-04-21"
"SnzmHG1avqzqU12hkAyggR0NvTawM46obnbmz1ZABoTRwFod7YlyrwgiU08miLZz","41417793","157885","97","2026-04-21 20:57:54","","","","","","","","","","","","","","","","","","","","","","","","","","","","","","","","","","","","","","","","","","","","","","","","","","","","","","","","","","","","","","","","","","","","","","","","","","","","","","","","","","","","","","","","","","","","","","","","","","","","","","","","","","","","","","","","","","","","","","","","","","","","","","","","","","","","","","","","","","","","","","","","","","","","","","","","","","","","","","","","","","","","","","","","","","","","","","","","","","","","","","","","","","","","","","","","","","","","","","","","","","","","","","","","","","","","","","","","","","","","","","","","","","","","","","","","","","","","","","","","","","","","","","","","","","","","","","","","","","","","","","","","","","","","","","","","","","","","","","","","","","","","","","","","","","","","","","","","","","","","","","","","","","",""
"lK10Bix1hyrpIDk8rV0cqe3rzm0zhqPkd8jtG5VvAFTIaUtnx2ocVmsnolybbGfQ","41417794","157885","98","2026-04-21 20:57:55","","","","","","","","","","","","","","","","","","","","","","","","","","","","","","","","","","","","","","","","","","","","","","","","","","","","","","","","","","","","","","","","","","","","","","","","","","","","","","","","","","","","","","","","","","","","","","","","","","","","","","","","","","","","","","","","","","","","","","","","","","","","","","","","","","","","","","","","","","","","","","","","","","","","","","","","","","","","","","","","","","","","","","","","","","","","","","","","","","","","","","","","","","","","","","","","","","","","","","","","","","","","","","","","","","","","","","","","","","","","","","","","","","","","","","","","","","","","","","","","","","","","","","","","","","","","","","","","","","","","","","","","","","","","","","","","","","","","","","","","","","","","","","","","","","","","","","","","","","","","","","","","","","",""
"U3DBWpedhIze3Qp5cTGftnVvyM99oHVWcvXCurdmRQX8T11btkdagCV-cLerxm8o","41417796","157885","99","2026-04-21 20:58:09","","","","","","","","","","","","","","","","","","","","","","","","","","","","","","","","","","","","","","","","","","","","","","","","","","","","","","","","","","","","","","","","","","","","","","","","","","","","","","","","","","","","","","","","","","","","","","","","","","","","","","","","","","","","","","","","","","","","","","","","","","","","","","","","","","","","","","","","","","","","","","","","","","","","","","","","","","","","","","","","","","","","","","","","","","","","","","","","","","","","","","","","","","","","","","","","","","","","","","","","","","","","","","","","","","","","","","","","","","","","","","","","","","","","","","","","","","","","","","","","","","","","","","","","","","","","","","","","","","","","","","","","","","","","","","","","","","","","","","","","","","","","","","","","","","","","","","","","","","","","","","","","","","",""
"UvigNG7Bhdm1ZxEVfOwsbhcZYUten9kun1ks-Px33nfqICHXCZbTI3iFfzO3Uqlf","41421678","157885","100","2026-04-22 15:47:01","2026-04-22 16:07:59","2026-04-22 16:08:03","","12348","1","6","1","Yo","1","49","8","1","6","","","","","","35","","","","","","","","","","","1","","0","1, 2, 3, 4, 5, 6","","5","3","2","Paola ","2","51","8","1","6","","","","","","35","","","","","","","","","","","1","","0","1, 2, 3, 4, 5, 6","","5","2","2","Sole","2","40","1","1","6","","","","","","33","","","","","","","","","","","15","","4","1, 6","","3","3","1","","","","","","","","","","","","","","","","","","","","","","","","","","","","","","","","","","","","","","","","","","","","","","","","","","","","","","","","","","","","","","","","","","","","","","","","","","","","","","","","","","","","","","","","","","","","","","","","","","","","","","","","","","","","","","","","","","","","","","","","","","","","","","","","","","","","","","","","","","","","","","","","","","","","","","","","","","","","","","","","","","","","","","","","","","","","","","","","","","","","","","","","","","","","","","","","","","","","","","","","","","","","","","","","","","2026-04-22"
"evwLwpbpBzYvK_I8WWSbj11zqAzhn5Zxoqbz1y5JLF36APfZqmGMpObgHcYd5G2Z","41422031","157885","101","2026-04-22 17:26:23","","","","","","","","","","","","","","","","","","","","","","","","","","","","","","","","","","","","","","","","","","","","","","","","","","","","","","","","","","","","","","","","","","","","","","","","","","","","","","","","","","","","","","","","","","","","","","","","","","","","","","","","","","","","","","","","","","","","","","","","","","","","","","","","","","","","","","","","","","","","","","","","","","","","","","","","","","","","","","","","","","","","","","","","","","","","","","","","","","","","","","","","","","","","","","","","","","","","","","","","","","","","","","","","","","","","","","","","","","","","","","","","","","","","","","","","","","","","","","","","","","","","","","","","","","","","","","","","","","","","","","","","","","","","","","","","","","","","","","","","","","","","","","","","","","","","","","","","","","","","","","","","","","",""
"b-NDwkxeHD62Z72FEfuqtoqf4r3ns-c4GmUEzBFMVsU6J6bAM4FoKyv_ozFs_e7c","41422033","157885","102","2026-04-22 17:27:24","","","","","","","","","","","","","","","","","","","","","","","","","","","","","","","","","","","","","","","","","","","","","","","","","","","","","","","","","","","","","","","","","","","","","","","","","","","","","","","","","","","","","","","","","","","","","","","","","","","","","","","","","","","","","","","","","","","","","","","","","","","","","","","","","","","","","","","","","","","","","","","","","","","","","","","","","","","","","","","","","","","","","","","","","","","","","","","","","","","","","","","","","","","","","","","","","","","","","","","","","","","","","","","","","","","","","","","","","","","","","","","","","","","","","","","","","","","","","","","","","","","","","","","","","","","","","","","","","","","","","","","","","","","","","","","","","","","","","","","","","","","","","","","","","","","","","","","","","","","","","","","","","","",""
