class,type,name,showif,value,label,optional,,
,note,instruction_socialnetwork_heading,,,## Instrumento de redes sociales en cuidado,,,
,note,instruction_entrevistador,,,Registre el ID asignado al entrevistado/a antes de iniciar el cuestionario.,,,
,text,id_entrevistado,,,ID entrevistado/a,,,
,date,fecha_aplicacion,,,Fecha de aplicación,,,
,submit,inicio_00,,,Iniciar,,,
,note,instruction_socialnetwork,,,"¡Muchas gracias por participar en este estudio! 

Este cuestionario busca conocer qué personas e instituciones participan en el cuidado de su hijo/a. Si tiene más de un hijo/a, por favor considere al/la menor. 

**¿Qué entendemos por cuidado?**

* Cuidado es cualquier acción de acompañamiento, supervisión o atención que alguien realiza hacia el/la niño/a, aunque sea por un tiempo breve.
* Incluye: alimentar, bañar, llevar al jardín, colegio o al médico, jugar, hacer las tareas, cuidarlo/a cuando está enfermo/a, entre otras actividades.
* Puede ser realizado por familiares, amistades, vecinos/as o personas contratadas, y también por instituciones como jardines infantiles, colegios, centros médicos, entre otros.
",,,
,submit,inicio_01,,,Siguiente,,,
,note,instruction_caracterization,,,"A continuación, le haremos algunas preguntas sobre el/la niño/a. Sus respuestas a lo largo de todo el cuestionario deben referirse a él/ella.",,,
mc_vertical answer_below_label,select_one sex_list,sex_nino,,,¿Cuál es el sexo del niño/a?,,,
mc_vertical answer_below_label,text,edad_nino,,,¿Cuál es la edad del niño/a en años cumplidos?,,,
mc_vertical answer_below_label,select_one pais,pais_nino,,,¿En qué país nació el niño/a?,,,
,submit,inicio_02,,,Siguiente,,,
,note,instruction_cuidado,,,"Piense en su círculo completo de familiares, amigos/as, conocidos/as, personas contratadas, entre otros. Considérese también a usted y a su familia nuclear como, por ejemplo, madre o padre del niño/a, su pareja o sus otros hijos/as. Por favor incluya solo personas. Las instituciones, organizaciones y servicios de cuidado (como jardines infantiles, colegios o talleres) las incluiremos más adelante.",,,
,note,note_01,,,"Durante el último mes, ¿quién(es) han participado en el cuidado de su hijo/a aunque haya sido por solo una hora?

* Puede indicar nombres de pila o iniciales
* La primera persona en la lista debe ser usted mismo/a, si participa en el cuidado del niño/a. En ese caso, indique “Yo” en el primer nombre
* El máximo de nombres es 20
",,,
,note,p1,,,**Persona 1**,,,
clear right150 align_horizontally select2 label_as_placeholder row_height_40,text 50,nombre_P01,,,Nombre,,,
mc_vertical answer_below_label,select_one sex_list,sex_P01,,,¿Cuál es el sexo de esta persona?,,,
mc_vertical answer_below_label,text,edad_P01,,,¿Cuál es la edad en años cumplidos de esta persona?,,,
mc_vertical answer_below_label,select_one educacion,educ_P01,,,¿Cuál es el nivel educativo más alto alcanzado por esta persona?,,,
mc_vertical answer_below_label,select_one pais,pais_P01,,,¿En qué país nació?,,,
mc_vertical answer_below_label,select_one region,region_P01,,,¿En qué región reside?,,,
mc_vertical answer_below_label,mc comuna_1,comuna_P01_1,region_P01==1,,¿En qué comuna reside?,,,
mc_vertical answer_below_label,mc comuna_2,comuna_P01_2,region_P01==2,,¿En qué comuna reside?,,,
mc_vertical answer_below_label,mc comuna_3,comuna_P01_3,region_P01==3,,¿En qué comuna reside?,,,
mc_vertical answer_below_label,mc comuna_4,comuna_P01_4,region_P01==4,,¿En qué comuna reside?,,,
mc_vertical answer_below_label,mc comuna_5,comuna_P01_5,region_P01==5,,¿En qué comuna reside?,,,
mc_vertical answer_below_label,mc comuna_6,comuna_P01_6,region_P01==6,,¿En qué comuna reside?,,,
mc_vertical answer_below_label,mc comuna_7,comuna_P01_7,region_P01==7,,¿En qué comuna reside?,,,
mc_vertical answer_below_label,mc comuna_8,comuna_P01_8,region_P01==8,,¿En qué comuna reside?,,,
mc_vertical answer_below_label,mc comuna_9,comuna_P01_9,region_P01==9,,¿En qué comuna reside?,,,
mc_vertical answer_below_label,mc comuna_10,comuna_P01_10,region_P01==10,,¿En qué comuna reside?,,,
mc_vertical answer_below_label,mc comuna_11,comuna_P01_11,region_P01==11,,¿En qué comuna reside?,,,
mc_vertical answer_below_label,mc comuna_12,comuna_P01_12,region_P01==12,,¿En qué comuna reside?,,,
mc_vertical answer_below_label,mc comuna_13,comuna_P01_13,region_P01==13,,¿En qué comuna reside?,,,
mc_vertical answer_below_label,mc comuna_14,comuna_P01_14,region_P01==14,,¿En qué comuna reside?,,,
mc_vertical answer_below_label,mc comuna_15,comuna_P01_15,region_P01==15,,¿En qué comuna reside?,,,
mc_vertical answer_below_label,mc comuna_16,comuna_P01_16,region_P01==16,,¿En qué comuna reside?,,,
mc_vertical answer_below_label,select_one relacion,vinculo_P01,,,¿Cuál es el vínculo con el/la niño/a?,,,
answer_below_label,text,vinculo_P01_esp,vinculo_P01 == 17,,Especifique,,,
mc_vertical answer_below_label,text,anio_P01,,,"¿Qué edad tenía el niño/a cuando esta persona comenzó a participar en su cuidado? Si el niño/a tenía menos de 1 año o esta persona ha participado desde su nacimiento, indique “0”.",,,
mc_vertical answer_below_label,mc_multiple cuidado,cuidado_P01,,,"Durante el último mes, ¿qué tipo(s) de cuidado entregó esta persona al/a niño/a?",,,
answer_below_label,text,cuidado_P01_esp,"cuidado_P01 == 7| cuidado_P01 %contains_word% ""7""",,Especifique,,,
mc_vertical answer_below_label,mc frecuencia,frecuencia_P01,,,"Durante el último mes, ¿con qué frecuencia participó en el cuidado del niño/a?",,,
mc_vertical answer_below_label,mc horas,horas_P01,,,"En los días que esta persona cuidó al/la niño/a, ¿cuántas horas aproximadamente lo/la cuidó?",,,
,submit,persona02,,,Siguiente,,,
counter space_bottom_60,"number 1,21",count_SN1,,1,¿Quiere añadir otra persona?,,,
,note,p2,count_SN1 > 1,,**Persona 2**,,,
clear right150 align_horizontally select2 label_as_placeholder row_height_40,text 50,nombre_P02,count_SN1 > 1,,Nombre,,,
mc_vertical answer_below_label,select_one sex_list,sex_P02,count_SN1 > 1,,¿Cuál es el sexo de esta persona?,,,
mc_vertical answer_below_label,text,edad_P02,count_SN1 > 1,,¿Cuál es la edad en años cumplidos de esta persona?,,,
mc_vertical answer_below_label,select_one educacion,educ_P02,count_SN1 > 1,,¿Cuál es el nivel educativo más alto alcanzado por esta persona?,,, 
mc_vertical answer_below_label,select_one pais,pais_P02,count_SN1 > 1,,¿En qué país nació?,,,
mc_vertical answer_below_label,select_one region,region_P02,count_SN1 > 1,,¿En qué región reside?,,,
mc_vertical answer_below_label,mc comuna_1,comuna_P02_1,region_P02==1,,¿En qué comuna reside?,,,
mc_vertical answer_below_label,mc comuna_2,comuna_P02_2,region_P02==2,,¿En qué comuna reside?,,,
mc_vertical answer_below_label,mc comuna_3,comuna_P02_3,region_P02==3,,¿En qué comuna reside?,,,
mc_vertical answer_below_label,mc comuna_4,comuna_P02_4,region_P02==4,,¿En qué comuna reside?,,,
mc_vertical answer_below_label,mc comuna_5,comuna_P02_5,region_P02==5,,¿En qué comuna reside?,,,
mc_vertical answer_below_label,mc comuna_6,comuna_P02_6,region_P02==6,,¿En qué comuna reside?,,,
mc_vertical answer_below_label,mc comuna_7,comuna_P02_7,region_P02==7,,¿En qué comuna reside?,,,
mc_vertical answer_below_label,mc comuna_8,comuna_P02_8,region_P02==8,,¿En qué comuna reside?,,,
mc_vertical answer_below_label,mc comuna_9,comuna_P02_9,region_P02==9,,¿En qué comuna reside?,,,
mc_vertical answer_below_label,mc comuna_10,comuna_P02_10,region_P02==10,,¿En qué comuna reside?,,,
mc_vertical answer_below_label,mc comuna_11,comuna_P02_11,region_P02==11,,¿En qué comuna reside?,,,
mc_vertical answer_below_label,mc comuna_12,comuna_P02_12,region_P02==12,,¿En qué comuna reside?,,,
mc_vertical answer_below_label,mc comuna_13,comuna_P02_13,region_P02==13,,¿En qué comuna reside?,,,
mc_vertical answer_below_label,mc comuna_14,comuna_P02_14,region_P02==14,,¿En qué comuna reside?,,,
mc_vertical answer_below_label,mc comuna_15,comuna_P02_15,region_P02==15,,¿En qué comuna reside?,,,
mc_vertical answer_below_label,mc comuna_16,comuna_P02_16,region_P02==16,,¿En qué comuna reside?,,,
mc_vertical answer_below_label,select_one relacion,vinculo_P02,count_SN1 > 1,,¿Cuál es el vínculo con el/la niño/a?,,,
answer_below_label,text,vinculo_P02_esp,vinculo_P02 == 17,,Especifique,,,
mc_vertical answer_below_label,text,anio_P02,count_SN1 > 1,,"¿Qué edad tenía el niño/a cuando esta persona comenzó a participar en su cuidado? Si el niño/a tenía menos de 1 año o esta persona ha participado desde su nacimiento, indique “0”.",,,
mc_vertical answer_below_label,mc_multiple cuidado,cuidado_P02,count_SN1 > 1,,"Durante el último mes, ¿qué tipo(s) de cuidado entregó esta persona al/a niño/a?",,,
answer_below_label,text,cuidado_P02_esp,"cuidado_P02==7 | cuidado_P02 %contains_word% ""7""",,Especifique,,,
mc_vertical answer_below_label,mc frecuencia,frecuencia_P02,count_SN1 > 1,,"Durante el último mes, ¿con qué frecuencia participó en el cuidado del niño/a?",,,
mc_vertical answer_below_label,mc horas,horas_P02,count_SN1 > 1,,"En los días que esta persona cuidó al/la niño/a, ¿cuántas horas aproximadamente lo/la cuidó?",,,
,submit,persona03,,,Siguiente,,,
counter space_bottom_60,"number 1,21",count_SN2,count_SN1 > 1,1,¿Quiere añadir otra persona?,,,
,note,p3,count_SN2 > 1,,**Persona 3**,,,
clear right150 align_horizontally select2 label_as_placeholder row_height_40,text 50,nombre_P03,count_SN2 > 1,,Nombre,,,
mc_vertical answer_below_label,select_one sex_list,sex_P03,count_SN2 > 1,,¿Cuál es el sexo de esta persona?,,,
mc_vertical answer_below_label,text,edad_P03,count_SN2 > 1,,¿Cuál es la edad en años cumplidos de esta persona?,,,
mc_vertical answer_below_label,select_one educacion,educ_P03,count_SN2 > 1,,¿Cuál es el nivel educativo más alto alcanzado por esta persona?,,,
mc_vertical answer_below_label,select_one pais,pais_P03,count_SN2 > 1,,¿En qué país nació?,,,
mc_vertical answer_below_label,select_one region,region_P03,count_SN2 > 1,,¿En qué región reside?,,,
mc_vertical answer_below_label,mc comuna_1,comuna_P03_1,region_P03==1,,¿En qué comuna reside?,,,
mc_vertical answer_below_label,mc comuna_2,comuna_P03_2,region_P03==2,,¿En qué comuna reside?,,,
mc_vertical answer_below_label,mc comuna_3,comuna_P03_3,region_P03==3,,¿En qué comuna reside?,,,
mc_vertical answer_below_label,mc comuna_4,comuna_P03_4,region_P03==4,,¿En qué comuna reside?,,,
mc_vertical answer_below_label,mc comuna_5,comuna_P03_5,region_P03==5,,¿En qué comuna reside?,,,
mc_vertical answer_below_label,mc comuna_6,comuna_P03_6,region_P03==6,,¿En qué comuna reside?,,,
mc_vertical answer_below_label,mc comuna_7,comuna_P03_7,region_P03==7,,¿En qué comuna reside?,,,
mc_vertical answer_below_label,mc comuna_8,comuna_P03_8,region_P03==8,,¿En qué comuna reside?,,,
mc_vertical answer_below_label,mc comuna_9,comuna_P03_9,region_P03==9,,¿En qué comuna reside?,,,
mc_vertical answer_below_label,mc comuna_10,comuna_P03_10,region_P03==10,,¿En qué comuna reside?,,,
mc_vertical answer_below_label,mc comuna_11,comuna_P03_11,region_P03==11,,¿En qué comuna reside?,,,
mc_vertical answer_below_label,mc comuna_12,comuna_P03_12,region_P03==12,,¿En qué comuna reside?,,,
mc_vertical answer_below_label,mc comuna_13,comuna_P03_13,region_P03==13,,¿En qué comuna reside?,,,
mc_vertical answer_below_label,mc comuna_14,comuna_P03_14,region_P03==14,,¿En qué comuna reside?,,,
mc_vertical answer_below_label,mc comuna_15,comuna_P03_15,region_P03==15,,¿En qué comuna reside?,,,
mc_vertical answer_below_label,mc comuna_16,comuna_P03_16,region_P03==16,,¿En qué comuna reside?,,,
mc_vertical answer_below_label,select_one relacion,vinculo_P03,count_SN2 > 1,,¿Cuál es el vínculo con el/la niño/a?,,,
answer_below_label,text,vinculo_P03_esp,vinculo_P03 == 17,,Especifique,,,
mc_vertical answer_below_label,text,anio_P03,count_SN2 > 1,,"¿Qué edad tenía el niño/a cuando esta persona comenzó a participar en su cuidado? Si el niño/a tenía menos de 1 año o esta persona ha participado desde su nacimiento, indique “0”.",,,
mc_vertical answer_below_label,mc_multiple cuidado,cuidado_P03,count_SN2 > 1,,"Durante el último mes, ¿qué tipo(s) de cuidado entregó esta persona al/a niño/a?",,,
answer_below_label,text,cuidado_P03_esp,"cuidado_P03==7| cuidado_P03 %contains_word% ""7""",,Especifique,,,
mc_vertical answer_below_label,mc frecuencia,frecuencia_P03,count_SN2 > 1,,"Durante el último mes, ¿con qué frecuencia participó en el cuidado del niño/a?",,,
mc_vertical answer_below_label,mc horas,horas_P03,count_SN2 > 1,,"En los días que esta persona cuidó al/la niño/a, ¿cuántas horas aproximadamente lo/la cuidó?",,,
,submit,persona04,,,Siguiente,,,
counter space_bottom_60,"number 1,21",count_SN3,count_SN2 > 1,1,¿Quiere añadir otra persona?,,,
,note,p4,count_SN3 > 1,,**Persona 4**,,,
clear right150 align_horizontally select2 label_as_placeholder row_height_40,text 50,nombre_P04,count_SN3 > 1,,Nombre,,,
mc_vertical answer_below_label,select_one sex_list,sex_P04,count_SN3 > 1,,¿Cuál es el sexo de esta persona?,,,
mc_vertical answer_below_label,text,edad_P04,count_SN3 > 1,,¿Cuál es la edad en años cumplidos de esta persona?,,,
mc_vertical answer_below_label,select_one educacion,educ_P04,count_SN3 > 1,,¿Cuál es el nivel educativo más alto alcanzado por esta persona?,,,
mc_vertical answer_below_label,select_one pais,pais_P04,count_SN3 > 1,,¿En qué país nació?,,,
mc_vertical answer_below_label,select_one region,region_P04,count_SN3 > 1,,¿En qué región reside?,,,
mc_vertical answer_below_label,mc comuna_1,comuna_P04_1,region_P04==1,,¿En qué comuna reside?,,,
mc_vertical answer_below_label,mc comuna_2,comuna_P04_2,region_P04==2,,¿En qué comuna reside?,,,
mc_vertical answer_below_label,mc comuna_3,comuna_P04_3,region_P04==3,,¿En qué comuna reside?,,,
mc_vertical answer_below_label,mc comuna_4,comuna_P04_4,region_P04==4,,¿En qué comuna reside?,,,
mc_vertical answer_below_label,mc comuna_5,comuna_P04_5,region_P04==5,,¿En qué comuna reside?,,,
mc_vertical answer_below_label,mc comuna_6,comuna_P04_6,region_P04==6,,¿En qué comuna reside?,,,
mc_vertical answer_below_label,mc comuna_7,comuna_P04_7,region_P04==7,,¿En qué comuna reside?,,,
mc_vertical answer_below_label,mc comuna_8,comuna_P04_8,region_P04==8,,¿En qué comuna reside?,,,
mc_vertical answer_below_label,mc comuna_9,comuna_P04_9,region_P04==9,,¿En qué comuna reside?,,,
mc_vertical answer_below_label,mc comuna_10,comuna_P04_10,region_P04==10,,¿En qué comuna reside?,,,
mc_vertical answer_below_label,mc comuna_11,comuna_P04_11,region_P04==11,,¿En qué comuna reside?,,,
mc_vertical answer_below_label,mc comuna_12,comuna_P04_12,region_P04==12,,¿En qué comuna reside?,,,
mc_vertical answer_below_label,mc comuna_13,comuna_P04_13,region_P04==13,,¿En qué comuna reside?,,,
mc_vertical answer_below_label,mc comuna_14,comuna_P04_14,region_P04==14,,¿En qué comuna reside?,,,
mc_vertical answer_below_label,mc comuna_15,comuna_P04_15,region_P04==15,,¿En qué comuna reside?,,,
mc_vertical answer_below_label,mc comuna_16,comuna_P04_16,region_P04==16,,¿En qué comuna reside?,,,
mc_vertical answer_below_label,select_one relacion,vinculo_P04,count_SN3 > 1,,¿Cuál es el vínculo con el/la niño/a?,,,
answer_below_label,text,vinculo_P04_esp,vinculo_P04 == 17,,Especifique,,,
mc_vertical answer_below_label,text,anio_P04,count_SN3 > 1,,"¿Qué edad tenía el niño/a cuando esta persona comenzó a participar en su cuidado? Si el niño/a tenía menos de 1 año o esta persona ha participado desde su nacimiento, indique “0”.",,,
mc_vertical answer_below_label,mc_multiple cuidado,cuidado_P04,count_SN3 > 1,,"Durante el último mes, ¿qué tipo(s) de cuidado entregó esta persona al/a niño/a?",,,
answer_below_label,text,cuidado_P04_esp,"cuidado_P04==7| cuidado_P04 %contains_word% ""7""",,Especifique,,,
mc_vertical answer_below_label,mc frecuencia,frecuencia_P04,count_SN3 > 1,,"Durante el último mes, ¿con qué frecuencia participó en el cuidado del niño/a?",,,
mc_vertical answer_below_label,mc horas,horas_P04,count_SN3 > 1,,"En los días que esta persona cuidó al/la niño/a, ¿cuántas horas aproximadamente lo/la cuidó?",,,
,submit,persona05,,,Siguiente,,,
counter space_bottom_60,"number 1,21",count_SN4,count_SN3 > 1,1,¿Quiere añadir otra persona?,,,
,note,p5,count_SN4 > 1,,**Persona 5**,,,
clear right150 align_horizontally select2 label_as_placeholder row_height_40,text 50,nombre_P05,count_SN4 > 1,,Nombre,,,
mc_vertical answer_below_label,select_one sex_list,sex_P05,count_SN4 > 1,,¿Cuál es el sexo de esta persona?,,,
mc_vertical answer_below_label,text,edad_P05,count_SN4 > 1,,¿Cuál es la edad en años cumplidos de esta persona?,,,
mc_vertical answer_below_label,select_one educacion,educ_P05,count_SN4 > 1,,¿Cuál es el nivel educativo más alto alcanzado por esta persona?,,,
mc_vertical answer_below_label,select_one pais,pais_P05,count_SN4 > 1,,¿En qué país nació?,,,
mc_vertical answer_below_label,select_one region,region_P05,count_SN4 > 1,,¿En qué región reside?,,,
mc_vertical answer_below_label,mc comuna_1,comuna_P05_1,region_P05==1,,¿En qué comuna reside?,,,
mc_vertical answer_below_label,mc comuna_2,comuna_P05_2,region_P05==2,,¿En qué comuna reside?,,,
mc_vertical answer_below_label,mc comuna_3,comuna_P05_3,region_P05==3,,¿En qué comuna reside?,,,
mc_vertical answer_below_label,mc comuna_4,comuna_P05_4,region_P05==4,,¿En qué comuna reside?,,,
mc_vertical answer_below_label,mc comuna_5,comuna_P05_5,region_P05==5,,¿En qué comuna reside?,,,
mc_vertical answer_below_label,mc comuna_6,comuna_P05_6,region_P05==6,,¿En qué comuna reside?,,,
mc_vertical answer_below_label,mc comuna_7,comuna_P05_7,region_P05==7,,¿En qué comuna reside?,,,
mc_vertical answer_below_label,mc comuna_8,comuna_P05_8,region_P05==8,,¿En qué comuna reside?,,,
mc_vertical answer_below_label,mc comuna_9,comuna_P05_9,region_P05==9,,¿En qué comuna reside?,,,
mc_vertical answer_below_label,mc comuna_10,comuna_P05_10,region_P05==10,,¿En qué comuna reside?,,,
mc_vertical answer_below_label,mc comuna_11,comuna_P05_11,region_P05==11,,¿En qué comuna reside?,,,
mc_vertical answer_below_label,mc comuna_12,comuna_P05_12,region_P05==12,,¿En qué comuna reside?,,,
mc_vertical answer_below_label,mc comuna_13,comuna_P05_13,region_P05==13,,¿En qué comuna reside?,,,
mc_vertical answer_below_label,mc comuna_14,comuna_P05_14,region_P05==14,,¿En qué comuna reside?,,,
mc_vertical answer_below_label,mc comuna_15,comuna_P05_15,region_P05==15,,¿En qué comuna reside?,,,
mc_vertical answer_below_label,mc comuna_16,comuna_P05_16,region_P05==16,,¿En qué comuna reside?,,,
mc_vertical answer_below_label,select_one relacion,vinculo_P05,count_SN4 > 1,,¿Cuál es el vínculo con el/la niño/a?,,,
answer_below_label,text,vinculo_P05_esp,vinculo_P05 == 17,,Especifique,,,
mc_vertical answer_below_label,text,anio_P05,count_SN4 > 1,,"¿Qué edad tenía el niño/a cuando esta persona comenzó a participar en su cuidado? Si el niño/a tenía menos de 1 año o esta persona ha participado desde su nacimiento, indique “0”.",,,
mc_vertical answer_below_label,mc_multiple cuidado,cuidado_P05,count_SN4 > 1,,"Durante el último mes, ¿qué tipo(s) de cuidado entregó esta persona al/a niño/a?",,,
answer_below_label,text,cuidado_P05_esp,"cuidado_P05==7| cuidado_P05 %contains_word% ""7""",,Especifique,,,
mc_vertical answer_below_label,mc frecuencia,frecuencia_P05,count_SN4 > 1,,"Durante el último mes, ¿con qué frecuencia participó en el cuidado del niño/a?",,,
mc_vertical answer_below_label,mc horas,horas_P05,count_SN4 > 1,,"En los días que esta persona cuidó al/la niño/a, ¿cuántas horas aproximadamente lo/la cuidó?",,,
,submit,persona06,,,Siguiente,,,
counter space_bottom_60,"number 1,21",count_SN5,count_SN4 > 1,1,¿Quiere añadir otra persona?,,,
,note,p6,count_SN5 > 1,,**Persona 6**,,,
clear right150 align_horizontally select2 label_as_placeholder row_height_40,text 50,nombre_P06,count_SN5 > 1,,Nombre,,,
mc_vertical answer_below_label,select_one sex_list,sex_P06,count_SN5 > 1,,¿Cuál es el sexo de esta persona?,,,
mc_vertical answer_below_label,text,edad_P06,count_SN5 > 1,,¿Cuál es la edad en años cumplidos de esta persona?,,,
mc_vertical answer_below_label,select_one educacion,educ_P06,count_SN5 > 1,,¿Cuál es el nivel educativo más alto alcanzado por esta persona?,,,
mc_vertical answer_below_label,select_one pais,pais_P06,count_SN5 > 1,,¿En qué país nació?,,,
mc_vertical answer_below_label,select_one region,region_P06,count_SN5 > 1,,¿En qué región reside?,,,
mc_vertical answer_below_label,mc comuna_1,comuna_P06_1,region_P06==1,,¿En qué comuna reside?,,,
mc_vertical answer_below_label,mc comuna_2,comuna_P06_2,region_P06==2,,¿En qué comuna reside?,,,
mc_vertical answer_below_label,mc comuna_3,comuna_P06_3,region_P06==3,,¿En qué comuna reside?,,,
mc_vertical answer_below_label,mc comuna_4,comuna_P06_4,region_P06==4,,¿En qué comuna reside?,,,
mc_vertical answer_below_label,mc comuna_5,comuna_P06_5,region_P06==5,,¿En qué comuna reside?,,,
mc_vertical answer_below_label,mc comuna_6,comuna_P06_6,region_P06==6,,¿En qué comuna reside?,,,
mc_vertical answer_below_label,mc comuna_7,comuna_P06_7,region_P06==7,,¿En qué comuna reside?,,,
mc_vertical answer_below_label,mc comuna_8,comuna_P06_8,region_P06==8,,¿En qué comuna reside?,,,
mc_vertical answer_below_label,mc comuna_9,comuna_P06_9,region_P06==9,,¿En qué comuna reside?,,,
mc_vertical answer_below_label,mc comuna_10,comuna_P06_10,region_P06==10,,¿En qué comuna reside?,,,
mc_vertical answer_below_label,mc comuna_11,comuna_P06_11,region_P06==11,,¿En qué comuna reside?,,,
mc_vertical answer_below_label,mc comuna_12,comuna_P06_12,region_P06==12,,¿En qué comuna reside?,,,
mc_vertical answer_below_label,mc comuna_13,comuna_P06_13,region_P06==13,,¿En qué comuna reside?,,,
mc_vertical answer_below_label,mc comuna_14,comuna_P06_14,region_P06==14,,¿En qué comuna reside?,,,
mc_vertical answer_below_label,mc comuna_15,comuna_P06_15,region_P06==15,,¿En qué comuna reside?,,,
mc_vertical answer_below_label,mc comuna_16,comuna_P06_16,region_P06==16,,¿En qué comuna reside?,,,
mc_vertical answer_below_label,select_one relacion,vinculo_P06,count_SN5 > 1,,¿Cuál es el vínculo con el/la niño/a?,,,
answer_below_label,text,vinculo_P06_esp,vinculo_P06 == 17,,Especifique,,,
mc_vertical answer_below_label,text,anio_P06,count_SN5 > 1,,"¿Qué edad tenía el niño/a cuando esta persona comenzó a participar en su cuidado? Si el niño/a tenía menos de 1 año o esta persona ha participado desde su nacimiento, indique “0”.",,,
mc_vertical answer_below_label,mc_multiple cuidado,cuidado_P06,count_SN5 > 1,,"Durante el último mes, ¿qué tipo(s) de cuidado entregó esta persona al/a niño/a?",,,
answer_below_label,text,cuidado_P06_esp,"cuidado_P06==7 | cuidado_P06 %contains_word% ""7""",,Especifique,,,
mc_vertical answer_below_label,mc frecuencia,frecuencia_P06,count_SN5 > 1,,"Durante el último mes, ¿con qué frecuencia participó en el cuidado del niño/a?",,,
mc_vertical answer_below_label,mc horas,horas_P06,count_SN5 > 1,,"En los días que esta persona cuidó al/la niño/a, ¿cuántas horas aproximadamente lo/la cuidó?",,,
,submit,persona07,,,Siguiente,,,
counter space_bottom_60,"number 1,21",count_SN6,count_SN5 > 1,1,¿Quiere añadir otra persona?,,,
,note,p7,count_SN6 > 1,,**Persona 7**,,,
clear right150 align_horizontally select2 label_as_placeholder row_height_40,text 50,nombre_P07,count_SN6 > 1,,Nombre,,,
mc_vertical answer_below_label,select_one sex_list,sex_P07,count_SN6 > 1,,¿Cuál es el sexo de esta persona?,,,
mc_vertical answer_below_label,text,edad_P07,count_SN6 > 1,,¿Cuál es la edad en años cumplidos de esta persona?,,,
mc_vertical answer_below_label,select_one educacion,educ_P07,count_SN6 > 1,,¿Cuál es el nivel educativo más alto alcanzado por esta persona?,,,
mc_vertical answer_below_label,select_one pais,pais_P07,count_SN6 > 1,,¿En qué país nació?,,,
mc_vertical answer_below_label,select_one region,region_P07,count_SN6 > 1,,¿En qué región reside?,,,
mc_vertical answer_below_label,mc comuna_1,comuna_P07_1,region_P07==1,,¿En qué comuna reside?,,,
mc_vertical answer_below_label,mc comuna_2,comuna_P07_2,region_P07==2,,¿En qué comuna reside?,,,
mc_vertical answer_below_label,mc comuna_3,comuna_P07_3,region_P07==3,,¿En qué comuna reside?,,,
mc_vertical answer_below_label,mc comuna_4,comuna_P07_4,region_P07==4,,¿En qué comuna reside?,,,
mc_vertical answer_below_label,mc comuna_5,comuna_P07_5,region_P07==5,,¿En qué comuna reside?,,,
mc_vertical answer_below_label,mc comuna_6,comuna_P07_6,region_P07==6,,¿En qué comuna reside?,,,
mc_vertical answer_below_label,mc comuna_7,comuna_P07_7,region_P07==7,,¿En qué comuna reside?,,,
mc_vertical answer_below_label,mc comuna_8,comuna_P07_8,region_P07==8,,¿En qué comuna reside?,,,
mc_vertical answer_below_label,mc comuna_9,comuna_P07_9,region_P07==9,,¿En qué comuna reside?,,,
mc_vertical answer_below_label,mc comuna_10,comuna_P07_10,region_P07==10,,¿En qué comuna reside?,,,
mc_vertical answer_below_label,mc comuna_11,comuna_P07_11,region_P07==11,,¿En qué comuna reside?,,,
mc_vertical answer_below_label,mc comuna_12,comuna_P07_12,region_P07==12,,¿En qué comuna reside?,,,
mc_vertical answer_below_label,mc comuna_13,comuna_P07_13,region_P07==13,,¿En qué comuna reside?,,,
mc_vertical answer_below_label,mc comuna_14,comuna_P07_14,region_P07==14,,¿En qué comuna reside?,,,
mc_vertical answer_below_label,mc comuna_15,comuna_P07_15,region_P07==15,,¿En qué comuna reside?,,,
mc_vertical answer_below_label,mc comuna_16,comuna_P07_16,region_P07==16,,¿En qué comuna reside?,,,
mc_vertical answer_below_label,select_one relacion,vinculo_P07,count_SN6 > 1,,¿Cuál es el vínculo con el/la niño/a?,,,
answer_below_label,text,vinculo_P07_esp,vinculo_P07 == 17,,Especifique,,,
mc_vertical answer_below_label,text,anio_P07,count_SN6 > 1,,"¿Qué edad tenía el niño/a cuando esta persona comenzó a participar en su cuidado? Si el niño/a tenía menos de 1 año o esta persona ha participado desde su nacimiento, indique “0”.",,,
mc_vertical answer_below_label,mc_multiple cuidado,cuidado_P07,count_SN6 > 1,,"Durante el último mes, ¿qué tipo(s) de cuidado entregó esta persona al/a niño/a?",,,
answer_below_label,text,cuidado_P07_esp,"cuidado_P07==7| cuidado_P07 %contains_word% ""7""",,Especifique,,,
mc_vertical answer_below_label,mc frecuencia,frecuencia_P07,count_SN6 > 1,,"Durante el último mes, ¿con qué frecuencia participó en el cuidado del niño/a?",,,
mc_vertical answer_below_label,mc horas,horas_P07,count_SN6 > 1,,"En los días que esta persona cuidó al/la niño/a, ¿cuántas horas aproximadamente lo/la cuidó?",,,
,submit,persona08,,,Siguiente,,,
counter space_bottom_60,"number 1,21",count_SN7,count_SN6 > 1,1,¿Quiere añadir otra persona?,,,
,note,p8,count_SN7 > 1,,**Persona 8**,,,
clear right150 align_horizontally select2 label_as_placeholder row_height_40,text 50,nombre_P08,count_SN7 > 1,,Nombre,,,
mc_vertical answer_below_label,select_one sex_list,sex_P08,count_SN7 > 1,,¿Cuál es el sexo de esta persona?,,,
mc_vertical answer_below_label,text,edad_P08,count_SN7 > 1,,¿Cuál es la edad en años cumplidos de esta persona?,,,
mc_vertical answer_below_label,select_one educacion,educ_P08,count_SN7 > 1,,¿Cuál es el nivel educativo más alto alcanzado por esta persona?,,,
mc_vertical answer_below_label,select_one pais,pais_P08,count_SN7 > 1,,¿En qué país nació?,,,
mc_vertical answer_below_label,select_one region,region_P08,count_SN7 > 1,,¿En qué región reside?,,,
mc_vertical answer_below_label,mc comuna_1,comuna_P08_1,region_P08==1,,¿En qué comuna reside?,,,
mc_vertical answer_below_label,mc comuna_2,comuna_P08_2,region_P08==2,,¿En qué comuna reside?,,,
mc_vertical answer_below_label,mc comuna_3,comuna_P08_3,region_P08==3,,¿En qué comuna reside?,,,
mc_vertical answer_below_label,mc comuna_4,comuna_P08_4,region_P08==4,,¿En qué comuna reside?,,,
mc_vertical answer_below_label,mc comuna_5,comuna_P08_5,region_P08==5,,¿En qué comuna reside?,,,
mc_vertical answer_below_label,mc comuna_6,comuna_P08_6,region_P08==6,,¿En qué comuna reside?,,,
mc_vertical answer_below_label,mc comuna_7,comuna_P08_7,region_P08==7,,¿En qué comuna reside?,,,
mc_vertical answer_below_label,mc comuna_8,comuna_P08_8,region_P08==8,,¿En qué comuna reside?,,,
mc_vertical answer_below_label,mc comuna_9,comuna_P08_9,region_P08==9,,¿En qué comuna reside?,,,
mc_vertical answer_below_label,mc comuna_10,comuna_P08_10,region_P08==10,,¿En qué comuna reside?,,,
mc_vertical answer_below_label,mc comuna_11,comuna_P08_11,region_P08==11,,¿En qué comuna reside?,,,
mc_vertical answer_below_label,mc comuna_12,comuna_P08_12,region_P08==12,,¿En qué comuna reside?,,,
mc_vertical answer_below_label,mc comuna_13,comuna_P08_13,region_P08==13,,¿En qué comuna reside?,,,
mc_vertical answer_below_label,mc comuna_14,comuna_P08_14,region_P08==14,,¿En qué comuna reside?,,,
mc_vertical answer_below_label,mc comuna_15,comuna_P08_15,region_P08==15,,¿En qué comuna reside?,,,
mc_vertical answer_below_label,mc comuna_16,comuna_P08_16,region_P08==16,,¿En qué comuna reside?,,,
mc_vertical answer_below_label,select_one relacion,vinculo_P08,count_SN7 > 1,,¿Cuál es el vínculo con el/la niño/a?,,,
answer_below_label,text,vinculo_P08_esp,vinculo_P08 == 17,,Especifique,,,
mc_vertical answer_below_label,text,anio_P08,count_SN7 > 1,,"¿Qué edad tenía el niño/a cuando esta persona comenzó a participar en su cuidado? Si el niño/a tenía menos de 1 año o esta persona ha participado desde su nacimiento, indique “0”.",,,
mc_vertical answer_below_label,mc_multiple cuidado,cuidado_P08,count_SN7 > 1,,"Durante el último mes, ¿qué tipo(s) de cuidado entregó esta persona al/a niño/a?",,,
answer_below_label,text,cuidado_P08_esp,"cuidado_P08==7| cuidado_P08 %contains_word% ""7""",,Especifique,,,
mc_vertical answer_below_label,mc frecuencia,frecuencia_P08,count_SN7 > 1,,"Durante el último mes, ¿con qué frecuencia participó en el cuidado del niño/a?",,,
mc_vertical answer_below_label,mc horas,horas_P08,count_SN7 > 1,,"En los días que esta persona cuidó al/la niño/a, ¿cuántas horas aproximadamente lo/la cuidó?",,,
,submit,persona09,,,Siguiente,,,
counter space_bottom_60,"number 1,21",count_SN8,count_SN7 > 1,1,¿Quiere añadir otra persona?,,,
,note,p9,count_SN8 > 1,,**Persona 9**,,,
clear right150 align_horizontally select2 label_as_placeholder row_height_40,text 50,nombre_P09,count_SN8 > 1,,Nombre,,,
mc_vertical answer_below_label,select_one sex_list,sex_P09,count_SN8 > 1,,¿Cuál es el sexo de esta persona?,,,
mc_vertical answer_below_label,text,edad_P09,count_SN8 > 1,,¿Cuál es la edad en años cumplidos de esta persona?,,,
mc_vertical answer_below_label,select_one educacion,educ_P09,count_SN8 > 1,,¿Cuál es el nivel educativo más alto alcanzado por esta persona?,,,
mc_vertical answer_below_label,select_one pais,pais_P09,count_SN8 > 1,,¿En qué país nació?,,,
mc_vertical answer_below_label,select_one region,region_P09,count_SN8 > 1,,¿En qué región reside?,,,
mc_vertical answer_below_label,mc comuna_1,comuna_P09_1,region_P09==1,,¿En qué comuna reside?,,,
mc_vertical answer_below_label,mc comuna_2,comuna_P09_2,region_P09==2,,¿En qué comuna reside?,,,
mc_vertical answer_below_label,mc comuna_3,comuna_P09_3,region_P09==3,,¿En qué comuna reside?,,,
mc_vertical answer_below_label,mc comuna_4,comuna_P09_4,region_P09==4,,¿En qué comuna reside?,,,
mc_vertical answer_below_label,mc comuna_5,comuna_P09_5,region_P09==5,,¿En qué comuna reside?,,,
mc_vertical answer_below_label,mc comuna_6,comuna_P09_6,region_P09==6,,¿En qué comuna reside?,,,
mc_vertical answer_below_label,mc comuna_7,comuna_P09_7,region_P09==7,,¿En qué comuna reside?,,,
mc_vertical answer_below_label,mc comuna_8,comuna_P09_8,region_P09==8,,¿En qué comuna reside?,,,
mc_vertical answer_below_label,mc comuna_9,comuna_P09_9,region_P09==9,,¿En qué comuna reside?,,,
mc_vertical answer_below_label,mc comuna_10,comuna_P09_10,region_P09==10,,¿En qué comuna reside?,,,
mc_vertical answer_below_label,mc comuna_11,comuna_P09_11,region_P09==11,,¿En qué comuna reside?,,,
mc_vertical answer_below_label,mc comuna_12,comuna_P09_12,region_P09==12,,¿En qué comuna reside?,,,
mc_vertical answer_below_label,mc comuna_13,comuna_P09_13,region_P09==13,,¿En qué comuna reside?,,,
mc_vertical answer_below_label,mc comuna_14,comuna_P09_14,region_P09==14,,¿En qué comuna reside?,,,
mc_vertical answer_below_label,mc comuna_15,comuna_P09_15,region_P09==15,,¿En qué comuna reside?,,,
mc_vertical answer_below_label,mc comuna_16,comuna_P09_16,region_P09==16,,¿En qué comuna reside?,,,
mc_vertical answer_below_label,select_one relacion,vinculo_P09,count_SN8 > 1,,¿Cuál es el vínculo con el/la niño/a?,,,
answer_below_label,text,vinculo_P09_esp,vinculo_P09 == 17,,Especifique,,,
mc_vertical answer_below_label,text,anio_P09,count_SN8 > 1,,"¿Qué edad tenía el niño/a cuando esta persona comenzó a participar en su cuidado? Si el niño/a tenía menos de 1 año o esta persona ha participado desde su nacimiento, indique “0”.",,,
mc_vertical answer_below_label,mc_multiple cuidado,cuidado_P09,count_SN8 > 1,,"Durante el último mes, ¿qué tipo(s) de cuidado entregó esta persona al/a niño/a?",,,
answer_below_label,text,cuidado_P09_esp,"cuidado_P09==7| cuidado_P09%contains_word% ""7""",,Especifique,,,
mc_vertical answer_below_label,mc frecuencia,frecuencia_P09,count_SN8 > 1,,"Durante el último mes, ¿con qué frecuencia participó en el cuidado del niño/a?",,,
mc_vertical answer_below_label,mc horas,horas_P09,count_SN8 > 1,,"En los días que esta persona cuidó al/la niño/a, ¿cuántas horas aproximadamente lo/la cuidó?",,,
,submit,persona10,,,Siguiente,,,
counter space_bottom_60,"number 1,21",count_SN9,count_SN8 > 1,1,¿Quiere añadir otra persona?,,,
,note,p10,count_SN9 > 1,,**Persona 10**,,,
clear right150 align_horizontally select2 label_as_placeholder row_height_40,text 50,nombre_P10,count_SN9 > 1,,Nombre,,,
mc_vertical answer_below_label,select_one sex_list,sex_P10,count_SN9 > 1,,¿Cuál es el sexo de esta persona?,,,
mc_vertical answer_below_label,text,edad_P10,count_SN9 > 1,,¿Cuál es la edad en años cumplidos de esta persona?,,,
mc_vertical answer_below_label,select_one educacion,educ_P10,count_SN9 > 1,,¿Cuál es el nivel educativo más alto alcanzado por esta persona?,,,
mc_vertical answer_below_label,select_one pais,pais_P10,count_SN9 > 1,,¿En qué país nació?,,,
mc_vertical answer_below_label,select_one region,region_P10,count_SN9 > 1,,¿En qué región reside?,,,
mc_vertical answer_below_label,mc comuna_1,comuna_P10_1,region_P10==1,,¿En qué comuna reside?,,,
mc_vertical answer_below_label,mc comuna_2,comuna_P10_2,region_P10==2,,¿En qué comuna reside?,,,
mc_vertical answer_below_label,mc comuna_3,comuna_P10_3,region_P10==3,,¿En qué comuna reside?,,,
mc_vertical answer_below_label,mc comuna_4,comuna_P10_4,region_P10==4,,¿En qué comuna reside?,,,
mc_vertical answer_below_label,mc comuna_5,comuna_P10_5,region_P10==5,,¿En qué comuna reside?,,,
mc_vertical answer_below_label,mc comuna_6,comuna_P10_6,region_P10==6,,¿En qué comuna reside?,,,
mc_vertical answer_below_label,mc comuna_7,comuna_P10_7,region_P10==7,,¿En qué comuna reside?,,,
mc_vertical answer_below_label,mc comuna_8,comuna_P10_8,region_P10==8,,¿En qué comuna reside?,,,
mc_vertical answer_below_label,mc comuna_9,comuna_P10_9,region_P10==9,,¿En qué comuna reside?,,,
mc_vertical answer_below_label,mc comuna_10,comuna_P10_10,region_P10==10,,¿En qué comuna reside?,,,
mc_vertical answer_below_label,mc comuna_11,comuna_P10_11,region_P10==11,,¿En qué comuna reside?,,,
mc_vertical answer_below_label,mc comuna_12,comuna_P10_12,region_P10==12,,¿En qué comuna reside?,,,
mc_vertical answer_below_label,mc comuna_13,comuna_P10_13,region_P10==13,,¿En qué comuna reside?,,,
mc_vertical answer_below_label,mc comuna_14,comuna_P10_14,region_P10==14,,¿En qué comuna reside?,,,
mc_vertical answer_below_label,mc comuna_15,comuna_P10_15,region_P10==15,,¿En qué comuna reside?,,,
mc_vertical answer_below_label,mc comuna_16,comuna_P10_16,region_P10==16,,¿En qué comuna reside?,,,
mc_vertical answer_below_label,select_one relacion,vinculo_P10,count_SN9 > 1,,¿Cuál es el vínculo con el/la niño/a?,,,
answer_below_label,text,vinculo_P10_esp,vinculo_P10 == 17,,Especifique,,,
mc_vertical answer_below_label,text,anio_P10,count_SN9 > 1,,"¿Qué edad tenía el niño/a cuando esta persona comenzó a participar en su cuidado? Si el niño/a tenía menos de 1 año o esta persona ha participado desde su nacimiento, indique “0”.",,,
mc_vertical answer_below_label,mc_multiple cuidado,cuidado_P10,count_SN9 > 1,,"Durante el último mes, ¿qué tipo(s) de cuidado entregó esta persona al/a niño/a?",,,
answer_below_label,text,cuidado_P10_esp,"cuidado_P10==7| cuidado_P10 %contains_word% ""7""",,Especifique,,,
mc_vertical answer_below_label,mc frecuencia,frecuencia_P10,count_SN9 > 1,,"Durante el último mes, ¿con qué frecuencia participó en el cuidado del niño/a?",,,
mc_vertical answer_below_label,mc horas,horas_P10,count_SN9 > 1,,"En los días que esta persona cuidó al/la niño/a, ¿cuántas horas aproximadamente lo/la cuidó?",,,
,submit,persona11,,,Siguiente,,,
,calculate,count_SN9_1,,"redes1[, ""count_SN9""]",,,,
counter space_bottom_60,"number 1,21",count_SN10,count_SN9_1 > 1,1,¿Quiere añadir otra persona?,,,
,note,p11,count_SN10 > 1,,**Persona 11**,,,
clear right150 align_horizontally select2 label_as_placeholder row_height_40,text 50,nombre_P11,count_SN10 > 1,,Nombre,,,
mc_vertical answer_below_label,select_one sex_list,sex_P11,count_SN10 > 1,,¿Cuál es el sexo de esta persona?,,,
mc_vertical answer_below_label,text,edad_P11,count_SN10 > 1,,¿Cuál es la edad en años cumplidos de esta persona?,,,
mc_vertical answer_below_label,select_one educacion,educ_P11,count_SN10 > 1,,¿Cuál es el nivel educativo más alto alcanzado por esta persona?,,,
mc_vertical answer_below_label,select_one pais,pais_P11,count_SN10 > 1,,¿En qué país nació?,,,
mc_vertical answer_below_label,select_one region,region_P11,count_SN10 > 1,,¿En qué región reside?,,,
mc_vertical answer_below_label,mc comuna_1,comuna_P11_1,region_P11==1,,¿En qué comuna reside?,,,
mc_vertical answer_below_label,mc comuna_2,comuna_P11_2,region_P11==2,,¿En qué comuna reside?,,,
mc_vertical answer_below_label,mc comuna_3,comuna_P11_3,region_P11==3,,¿En qué comuna reside?,,,
mc_vertical answer_below_label,mc comuna_4,comuna_P11_4,region_P11==4,,¿En qué comuna reside?,,,
mc_vertical answer_below_label,mc comuna_5,comuna_P11_5,region_P11==5,,¿En qué comuna reside?,,,
mc_vertical answer_below_label,mc comuna_6,comuna_P11_6,region_P11==6,,¿En qué comuna reside?,,,
mc_vertical answer_below_label,mc comuna_7,comuna_P11_7,region_P11==7,,¿En qué comuna reside?,,,
mc_vertical answer_below_label,mc comuna_8,comuna_P11_8,region_P11==8,,¿En qué comuna reside?,,,
mc_vertical answer_below_label,mc comuna_9,comuna_P11_9,region_P11==9,,¿En qué comuna reside?,,,
mc_vertical answer_below_label,mc comuna_10,comuna_P11_10,region_P11==10,,¿En qué comuna reside?,,,
mc_vertical answer_below_label,mc comuna_11,comuna_P11_11,region_P11==11,,¿En qué comuna reside?,,,
mc_vertical answer_below_label,mc comuna_12,comuna_P11_12,region_P11==12,,¿En qué comuna reside?,,,
mc_vertical answer_below_label,mc comuna_13,comuna_P11_13,region_P11==13,,¿En qué comuna reside?,,,
mc_vertical answer_below_label,mc comuna_14,comuna_P11_14,region_P11==14,,¿En qué comuna reside?,,,
mc_vertical answer_below_label,mc comuna_15,comuna_P11_15,region_P11==15,,¿En qué comuna reside?,,,
mc_vertical answer_below_label,mc comuna_16,comuna_P11_16,region_P11==16,,¿En qué comuna reside?,,,
mc_vertical answer_below_label,select_one relacion,vinculo_P11,count_SN10 > 1,,¿Cuál es el vínculo con el/la niño/a?,,,
answer_below_label,text,vinculo_P11_esp,vinculo_P11 == 17,,Especifique,,,
mc_vertical answer_below_label,text,anio_P11,count_SN10 > 1,,"¿Qué edad tenía el niño/a cuando esta persona comenzó a participar en su cuidado? Si el niño/a tenía menos de 1 año o esta persona ha participado desde su nacimiento, indique “0”.",,,
mc_vertical answer_below_label,mc_multiple cuidado,cuidado_P11,count_SN10 > 1,,"Durante el último mes, ¿qué tipo(s) de cuidado entregó esta persona al/a niño/a?",,,
answer_below_label,text,cuidado_P11_esp,"cuidado_P11==7| cuidado_P11 %contains_word% ""7""",,Especifique,,,
mc_vertical answer_below_label,mc frecuencia,frecuencia_P11,count_SN10 > 1,,"Durante el último mes, ¿con qué frecuencia participó en el cuidado del niño/a?",,,
mc_vertical answer_below_label,mc horas,horas_P11,count_SN10 > 1,,"En los días que esta persona cuidó al/la niño/a, ¿cuántas horas aproximadamente lo/la cuidó?",,,
,submit,persona12,,,Siguiente,,,
counter space_bottom_60,"number 1,21",count_SN11,count_SN10 > 1,1,¿Quiere añadir otra persona?,,,
,note,p12,count_SN11 > 1,,**Persona 12**,,,
clear right150 align_horizontally select2 label_as_placeholder row_height_40,text 50,nombre_P12,count_SN11 > 1,,Nombre,,,
mc_vertical answer_below_label,select_one sex_list,sex_P12,count_SN11 > 1,,¿Cuál es el sexo de esta persona?,,,
mc_vertical answer_below_label,text,edad_P12,count_SN11 > 1,,¿Cuál es la edad en años cumplidos de esta persona?,,,
mc_vertical answer_below_label,select_one educacion,educ_P12,count_SN11 > 1,,¿Cuál es el nivel educativo más alto alcanzado por esta persona?,,,
mc_vertical answer_below_label,select_one pais,pais_P12,count_SN11 > 1,,¿En qué país nació?,,,
mc_vertical answer_below_label,select_one region,region_P12,count_SN11 > 1,,¿En qué región reside?,,,
mc_vertical answer_below_label,mc comuna_1,comuna_P12_1,region_P12==1,,¿En qué comuna reside?,,,
mc_vertical answer_below_label,mc comuna_2,comuna_P12_2,region_P12==2,,¿En qué comuna reside?,,,
mc_vertical answer_below_label,mc comuna_3,comuna_P12_3,region_P12==3,,¿En qué comuna reside?,,,
mc_vertical answer_below_label,mc comuna_4,comuna_P12_4,region_P12==4,,¿En qué comuna reside?,,,
mc_vertical answer_below_label,mc comuna_5,comuna_P12_5,region_P12==5,,¿En qué comuna reside?,,,
mc_vertical answer_below_label,mc comuna_6,comuna_P12_6,region_P12==6,,¿En qué comuna reside?,,,
mc_vertical answer_below_label,mc comuna_7,comuna_P12_7,region_P12==7,,¿En qué comuna reside?,,,
mc_vertical answer_below_label,mc comuna_8,comuna_P12_8,region_P12==8,,¿En qué comuna reside?,,,
mc_vertical answer_below_label,mc comuna_9,comuna_P12_9,region_P12==9,,¿En qué comuna reside?,,,
mc_vertical answer_below_label,mc comuna_10,comuna_P12_10,region_P12==10,,¿En qué comuna reside?,,,
mc_vertical answer_below_label,mc comuna_11,comuna_P12_11,region_P12==11,,¿En qué comuna reside?,,,
mc_vertical answer_below_label,mc comuna_12,comuna_P12_12,region_P12==12,,¿En qué comuna reside?,,,
mc_vertical answer_below_label,mc comuna_13,comuna_P12_13,region_P12==13,,¿En qué comuna reside?,,,
mc_vertical answer_below_label,mc comuna_14,comuna_P12_14,region_P12==14,,¿En qué comuna reside?,,,
mc_vertical answer_below_label,mc comuna_15,comuna_P12_15,region_P12==15,,¿En qué comuna reside?,,,
mc_vertical answer_below_label,mc comuna_16,comuna_P12_16,region_P12==16,,¿En qué comuna reside?,,,
mc_vertical answer_below_label,select_one relacion,vinculo_P12,count_SN11 > 1,,¿Cuál es el vínculo con el/la niño/a?,,,
answer_below_label,text,vinculo_P12_esp,vinculo_P12 == 17,,Especifique,,,
mc_vertical answer_below_label,text,anio_P12,count_SN11 > 1,,"¿Qué edad tenía el niño/a cuando esta persona comenzó a participar en su cuidado? Si el niño/a tenía menos de 1 año o esta persona ha participado desde su nacimiento, indique “0”.",,,
mc_vertical answer_below_label,mc_multiple cuidado,cuidado_P12,count_SN11 > 1,,"Durante el último mes, ¿qué tipo(s) de cuidado entregó esta persona al/a niño/a?",,,
answer_below_label,text,cuidado_P12_esp,"cuidado_P12==7| cuidado_P12 %contains_word% ""7""",,Especifique,,,
mc_vertical answer_below_label,mc frecuencia,frecuencia_P12,count_SN11 > 1,,"Durante el último mes, ¿con qué frecuencia participó en el cuidado del niño/a?",,,
mc_vertical answer_below_label,mc horas,horas_P12,count_SN11 > 1,,"En los días que esta persona cuidó al/la niño/a, ¿cuántas horas aproximadamente lo/la cuidó?",,,
,submit,persona13,,,Siguiente,,,
counter space_bottom_60,"number 1,21",count_SN12,count_SN11 > 1,1,¿Quiere añadir otra persona?,,,
,note,p13,count_SN12 > 1,,**Persona 13**,,,
clear right150 align_horizontally select2 label_as_placeholder row_height_40,text 50,nombre_P13,count_SN12 > 1,,Nombre,,,
mc_vertical answer_below_label,select_one sex_list,sex_P13,count_SN12 > 1,,¿Cuál es el sexo de esta persona?,,,
mc_vertical answer_below_label,text,edad_P13,count_SN12 > 1,,¿Cuál es la edad en años cumplidos de esta persona?,,,
mc_vertical answer_below_label,select_one educacion,educ_P13,count_SN12 > 1,,¿Cuál es el nivel educativo más alto alcanzado por esta persona?,,,
mc_vertical answer_below_label,select_one pais,pais_P13,count_SN12 > 1,,¿En qué país nació?,,,
mc_vertical answer_below_label,select_one region,region_P13,count_SN12 > 1,,¿En qué región reside?,,,
mc_vertical answer_below_label,mc comuna_1,comuna_P13_1,region_P13==1,,¿En qué comuna reside?,,,
mc_vertical answer_below_label,mc comuna_2,comuna_P13_2,region_P13==2,,¿En qué comuna reside?,,,
mc_vertical answer_below_label,mc comuna_3,comuna_P13_3,region_P13==3,,¿En qué comuna reside?,,,
mc_vertical answer_below_label,mc comuna_4,comuna_P13_4,region_P13==4,,¿En qué comuna reside?,,,
mc_vertical answer_below_label,mc comuna_5,comuna_P13_5,region_P13==5,,¿En qué comuna reside?,,,
mc_vertical answer_below_label,mc comuna_6,comuna_P13_6,region_P13==6,,¿En qué comuna reside?,,,
mc_vertical answer_below_label,mc comuna_7,comuna_P13_7,region_P13==7,,¿En qué comuna reside?,,,
mc_vertical answer_below_label,mc comuna_8,comuna_P13_8,region_P13==8,,¿En qué comuna reside?,,,
mc_vertical answer_below_label,mc comuna_9,comuna_P13_9,region_P13==9,,¿En qué comuna reside?,,,
mc_vertical answer_below_label,mc comuna_10,comuna_P13_10,region_P13==10,,¿En qué comuna reside?,,,
mc_vertical answer_below_label,mc comuna_11,comuna_P13_11,region_P13==11,,¿En qué comuna reside?,,,
mc_vertical answer_below_label,mc comuna_12,comuna_P13_12,region_P13==12,,¿En qué comuna reside?,,,
mc_vertical answer_below_label,mc comuna_13,comuna_P13_13,region_P13==13,,¿En qué comuna reside?,,,
mc_vertical answer_below_label,mc comuna_14,comuna_P13_14,region_P13==14,,¿En qué comuna reside?,,,
mc_vertical answer_below_label,mc comuna_15,comuna_P13_15,region_P13==15,,¿En qué comuna reside?,,,
mc_vertical answer_below_label,mc comuna_16,comuna_P13_16,region_P13==16,,¿En qué comuna reside?,,,
mc_vertical answer_below_label,select_one relacion,vinculo_P13,count_SN12 > 1,,¿Cuál es el vínculo con el/la niño/a?,,,
answer_below_label,text,vinculo_P13_esp,vinculo_P13 == 17,,Especifique,,,
mc_vertical answer_below_label,text,anio_P13,count_SN12 > 1,,"¿Qué edad tenía el niño/a cuando esta persona comenzó a participar en su cuidado? Si el niño/a tenía menos de 1 año o esta persona ha participado desde su nacimiento, indique “0”.",,,
mc_vertical answer_below_label,mc_multiple cuidado,cuidado_P13,count_SN12 > 1,,"Durante el último mes, ¿qué tipo(s) de cuidado entregó esta persona al/a niño/a?",,,
answer_below_label,text,cuidado_P13_esp,"cuidado_P13==7| cuidado_P13 %contains_word% ""7""",,Especifique,,,
mc_vertical answer_below_label,mc frecuencia,frecuencia_P13,count_SN12 > 1,,"Durante el último mes, ¿con qué frecuencia participó en el cuidado del niño/a?",,,
mc_vertical answer_below_label,mc horas,horas_P13,count_SN12 > 1,,"En los días que esta persona cuidó al/la niño/a, ¿cuántas horas aproximadamente lo/la cuidó?",,,
,submit,persona14,,,Siguiente,,,
counter space_bottom_60,"number 1,21",count_SN13,count_SN12 > 1,1,¿Quiere añadir otra persona?,,,
,note,p14,count_SN13 > 1,,**Persona 14**,,,
clear right150 align_horizontally select2 label_as_placeholder row_height_40,text 50,nombre_P14,count_SN13 > 1,,Nombre,,,
mc_vertical answer_below_label,select_one sex_list,sex_P14,count_SN13 > 1,,¿Cuál es el sexo de esta persona?,,,
mc_vertical answer_below_label,text,edad_P14,count_SN13 > 1,,¿Cuál es la edad en años cumplidos de esta persona?,,,
mc_vertical answer_below_label,select_one educacion,educ_P14,count_SN13 > 1,,¿Cuál es el nivel educativo más alto alcanzado por esta persona?,,,
mc_vertical answer_below_label,select_one pais,pais_P14,count_SN13 > 1,,¿En qué país nació?,,,
mc_vertical answer_below_label,select_one region,region_P14,count_SN13 > 1,,¿En qué región reside?,,,
mc_vertical answer_below_label,mc comuna_1,comuna_P14_1,region_P14==1,,¿En qué comuna reside?,,,
mc_vertical answer_below_label,mc comuna_2,comuna_P14_2,region_P14==2,,¿En qué comuna reside?,,,
mc_vertical answer_below_label,mc comuna_3,comuna_P14_3,region_P14==3,,¿En qué comuna reside?,,,
mc_vertical answer_below_label,mc comuna_4,comuna_P14_4,region_P14==4,,¿En qué comuna reside?,,,
mc_vertical answer_below_label,mc comuna_5,comuna_P14_5,region_P14==5,,¿En qué comuna reside?,,,
mc_vertical answer_below_label,mc comuna_6,comuna_P14_6,region_P14==6,,¿En qué comuna reside?,,,
mc_vertical answer_below_label,mc comuna_7,comuna_P14_7,region_P14==7,,¿En qué comuna reside?,,,
mc_vertical answer_below_label,mc comuna_8,comuna_P14_8,region_P14==8,,¿En qué comuna reside?,,,
mc_vertical answer_below_label,mc comuna_9,comuna_P14_9,region_P14==9,,¿En qué comuna reside?,,,
mc_vertical answer_below_label,mc comuna_10,comuna_P14_10,region_P14==10,,¿En qué comuna reside?,,,
mc_vertical answer_below_label,mc comuna_11,comuna_P14_11,region_P14==11,,¿En qué comuna reside?,,,
mc_vertical answer_below_label,mc comuna_12,comuna_P14_12,region_P14==12,,¿En qué comuna reside?,,,
mc_vertical answer_below_label,mc comuna_13,comuna_P14_13,region_P14==13,,¿En qué comuna reside?,,,
mc_vertical answer_below_label,mc comuna_14,comuna_P14_14,region_P14==14,,¿En qué comuna reside?,,,
mc_vertical answer_below_label,mc comuna_15,comuna_P14_15,region_P14==15,,¿En qué comuna reside?,,,
mc_vertical answer_below_label,mc comuna_16,comuna_P14_16,region_P14==16,,¿En qué comuna reside?,,,
mc_vertical answer_below_label,select_one relacion,vinculo_P14,count_SN13 > 1,,¿Cuál es el vínculo con el/la niño/a?,,,
answer_below_label,text,vinculo_P14_esp,vinculo_P14 == 17,,Especifique,,,
mc_vertical answer_below_label,text,anio_P14,count_SN13 > 1,,"¿Qué edad tenía el niño/a cuando esta persona comenzó a participar en su cuidado? Si el niño/a tenía menos de 1 año o esta persona ha participado desde su nacimiento, indique “0”.",,,
mc_vertical answer_below_label,mc_multiple cuidado,cuidado_P14,count_SN13 > 1,,"Durante el último mes, ¿qué tipo(s) de cuidado entregó esta persona al/a niño/a?",,,
answer_below_label,text,cuidado_P14_esp,"cuidado_P14==7| cuidado_P14 %contains_word% ""7""",,Especifique,,,
mc_vertical answer_below_label,mc frecuencia,frecuencia_P14,count_SN13 > 1,,"Durante el último mes, ¿con qué frecuencia participó en el cuidado del niño/a?",,,
mc_vertical answer_below_label,mc horas,horas_P14,count_SN13 > 1,,"En los días que esta persona cuidó al/la niño/a, ¿cuántas horas aproximadamente lo/la cuidó?",,,
,submit,persona15,,,Siguiente,,,
counter space_bottom_60,"number 1,21",count_SN14,count_SN13 > 1,1,¿Quiere añadir otra persona?,,,
,note,p15,count_SN14 > 1,,**Persona 15**,,,
clear right150 align_horizontally select2 label_as_placeholder row_height_40,text 50,nombre_P15,count_SN14 > 1,,Nombre,,,
mc_vertical answer_below_label,select_one sex_list,sex_P15,count_SN14 > 1,,¿Cuál es el sexo de esta persona?,,,
mc_vertical answer_below_label,text,edad_P15,count_SN14 > 1,,¿Cuál es la edad en años cumplidos de esta persona?,,,
mc_vertical answer_below_label,select_one educacion,educ_P15,count_SN14 > 1,,¿Cuál es el nivel educativo más alto alcanzado por esta persona?,,,
mc_vertical answer_below_label,select_one pais,pais_P15,count_SN14 > 1,,¿En qué país nació?,,,
mc_vertical answer_below_label,select_one region,region_P15,count_SN14 > 1,,¿En qué región reside?,,,
mc_vertical answer_below_label,mc comuna_1,comuna_P15_1,region_P15==1,,¿En qué comuna reside?,,,
mc_vertical answer_below_label,mc comuna_2,comuna_P15_2,region_P15==2,,¿En qué comuna reside?,,,
mc_vertical answer_below_label,mc comuna_3,comuna_P15_3,region_P15==3,,¿En qué comuna reside?,,,
mc_vertical answer_below_label,mc comuna_4,comuna_P15_4,region_P15==4,,¿En qué comuna reside?,,,
mc_vertical answer_below_label,mc comuna_5,comuna_P15_5,region_P15==5,,¿En qué comuna reside?,,,
mc_vertical answer_below_label,mc comuna_6,comuna_P15_6,region_P15==6,,¿En qué comuna reside?,,,
mc_vertical answer_below_label,mc comuna_7,comuna_P15_7,region_P15==7,,¿En qué comuna reside?,,,
mc_vertical answer_below_label,mc comuna_8,comuna_P15_8,region_P15==8,,¿En qué comuna reside?,,,
mc_vertical answer_below_label,mc comuna_9,comuna_P15_9,region_P15==9,,¿En qué comuna reside?,,,
mc_vertical answer_below_label,mc comuna_10,comuna_P15_10,region_P15==10,,¿En qué comuna reside?,,,
mc_vertical answer_below_label,mc comuna_11,comuna_P15_11,region_P15==11,,¿En qué comuna reside?,,,
mc_vertical answer_below_label,mc comuna_12,comuna_P15_12,region_P15==12,,¿En qué comuna reside?,,,
mc_vertical answer_below_label,mc comuna_13,comuna_P15_13,region_P15==13,,¿En qué comuna reside?,,,
mc_vertical answer_below_label,mc comuna_14,comuna_P15_14,region_P15==14,,¿En qué comuna reside?,,,
mc_vertical answer_below_label,mc comuna_15,comuna_P15_15,region_P15==15,,¿En qué comuna reside?,,,
mc_vertical answer_below_label,mc comuna_16,comuna_P15_16,region_P15==16,,¿En qué comuna reside?,,,
mc_vertical answer_below_label,select_one relacion,vinculo_P15,count_SN14 > 1,,¿Cuál es el vínculo con el/la niño/a?,,,
answer_below_label,text,vinculo_P15_esp,vinculo_P15 == 17,,Especifique,,,
mc_vertical answer_below_label,text,anio_P15,count_SN14 > 1,,"¿Qué edad tenía el niño/a cuando esta persona comenzó a participar en su cuidado? Si el niño/a tenía menos de 1 año o esta persona ha participado desde su nacimiento, indique “0”.",,,
mc_vertical answer_below_label,mc_multiple cuidado,cuidado_P15,count_SN14 > 1,,"Durante el último mes, ¿qué tipo(s) de cuidado entregó esta persona al/a niño/a?",,,
answer_below_label,text,cuidado_P15_esp,"cuidado_P15==7| cuidado_P15 %contains_word% ""7""",,Especifique,,,
mc_vertical answer_below_label,mc frecuencia,frecuencia_P15,count_SN14 > 1,,"Durante el último mes, ¿con qué frecuencia participó en el cuidado del niño/a?",,,
mc_vertical answer_below_label,mc horas,horas_P15,count_SN14 > 1,,"En los días que esta persona cuidó al/la niño/a, ¿cuántas horas aproximadamente lo/la cuidó?",,,
,submit,persona16,,,Siguiente,,,
counter space_bottom_60,"number 1,21",count_SN15,count_SN14 > 1,1,¿Quiere añadir otra persona?,,,
,note,p16,count_SN15 > 1,,**Persona 16**,,,
clear right150 align_horizontally select2 label_as_placeholder row_height_40,text 50,nombre_P16,count_SN15 > 1,,Nombre,,,
mc_vertical answer_below_label,select_one sex_list,sex_P16,count_SN15 > 1,,¿Cuál es el sexo de esta persona?,,,
mc_vertical answer_below_label,text,edad_P16,count_SN15 > 1,,¿Cuál es la edad en años cumplidos de esta persona?,,,
mc_vertical answer_below_label,select_one educacion,educ_P16,count_SN15 > 1,,¿Cuál es el nivel educativo más alto alcanzado por esta persona?,,,
mc_vertical answer_below_label,select_one pais,pais_P16,count_SN15 > 1,,¿En qué país nació?,,,
mc_vertical answer_below_label,select_one region,region_P16,count_SN15 > 1,,¿En qué región reside?,,,
mc_vertical answer_below_label,mc comuna_1,comuna_P16_1,region_P16==1,,¿En qué comuna reside?,,,
mc_vertical answer_below_label,mc comuna_2,comuna_P16_2,region_P16==2,,¿En qué comuna reside?,,,
mc_vertical answer_below_label,mc comuna_3,comuna_P16_3,region_P16==3,,¿En qué comuna reside?,,,
mc_vertical answer_below_label,mc comuna_4,comuna_P16_4,region_P16==4,,¿En qué comuna reside?,,,
mc_vertical answer_below_label,mc comuna_5,comuna_P16_5,region_P16==5,,¿En qué comuna reside?,,,
mc_vertical answer_below_label,mc comuna_6,comuna_P16_6,region_P16==6,,¿En qué comuna reside?,,,
mc_vertical answer_below_label,mc comuna_7,comuna_P16_7,region_P16==7,,¿En qué comuna reside?,,,
mc_vertical answer_below_label,mc comuna_8,comuna_P16_8,region_P16==8,,¿En qué comuna reside?,,,
mc_vertical answer_below_label,mc comuna_9,comuna_P16_9,region_P16==9,,¿En qué comuna reside?,,,
mc_vertical answer_below_label,mc comuna_10,comuna_P16_10,region_P16==10,,¿En qué comuna reside?,,,
mc_vertical answer_below_label,mc comuna_11,comuna_P16_11,region_P16==11,,¿En qué comuna reside?,,,
mc_vertical answer_below_label,mc comuna_12,comuna_P16_12,region_P16==12,,¿En qué comuna reside?,,,
mc_vertical answer_below_label,mc comuna_13,comuna_P16_13,region_P16==13,,¿En qué comuna reside?,,,
mc_vertical answer_below_label,mc comuna_14,comuna_P16_14,region_P16==14,,¿En qué comuna reside?,,,
mc_vertical answer_below_label,mc comuna_15,comuna_P16_15,region_P16==15,,¿En qué comuna reside?,,,
mc_vertical answer_below_label,mc comuna_16,comuna_P16_16,region_P16==16,,¿En qué comuna reside?,,,
mc_vertical answer_below_label,select_one relacion,vinculo_P16,count_SN15 > 1,,¿Cuál es el vínculo con el/la niño/a?,,,
answer_below_label,text,vinculo_P16_esp,vinculo_P16 == 17,,Especifique,,,
mc_vertical answer_below_label,text,anio_P16,count_SN15 > 1,,"¿Qué edad tenía el niño/a cuando esta persona comenzó a participar en su cuidado? Si el niño/a tenía menos de 1 año o esta persona ha participado desde su nacimiento, indique “0”.",,,
mc_vertical answer_below_label,mc_multiple cuidado,cuidado_P16,count_SN15 > 1,,"Durante el último mes, ¿qué tipo(s) de cuidado entregó esta persona al/a niño/a?",,,
answer_below_label,text,cuidado_P16_esp,"cuidado_P16==7| cuidado_P16 %contains_word% ""7""",,Especifique,,,
mc_vertical answer_below_label,mc frecuencia,frecuencia_P16,count_SN15 > 1,,"Durante el último mes, ¿con qué frecuencia participó en el cuidado del niño/a?",,,
mc_vertical answer_below_label,mc horas,horas_P16,count_SN15 > 1,,"En los días que esta persona cuidó al/la niño/a, ¿cuántas horas aproximadamente lo/la cuidó?",,,
,submit,persona17,,,Siguiente,,,
counter space_bottom_60,"number 1,21",count_SN16,count_SN15 > 1,1,¿Quiere añadir otra persona?,,,
,note,p17,count_SN16 > 1,,**Persona 17**,,,
clear right150 align_horizontally select2 label_as_placeholder row_height_40,text 50,nombre_P17,count_SN16 > 1,,Nombre,,,
mc_vertical answer_below_label,select_one sex_list,sex_P17,count_SN16 > 1,,¿Cuál es el sexo de esta persona?,,,
mc_vertical answer_below_label,text,edad_P17,count_SN16 > 1,,¿Cuál es la edad en años cumplidos de esta persona?,,,
mc_vertical answer_below_label,select_one educacion,educ_P17,count_SN16 > 1,,¿Cuál es el nivel educativo más alto alcanzado por esta persona?,,,
mc_vertical answer_below_label,select_one pais,pais_P17,count_SN16 > 1,,¿En qué país nació?,,,
mc_vertical answer_below_label,select_one region,region_P17,count_SN16 > 1,,¿En qué región reside?,,,
mc_vertical answer_below_label,mc comuna_1,comuna_P17_1,region_P17==1,,¿En qué comuna reside?,,,
mc_vertical answer_below_label,mc comuna_2,comuna_P17_2,region_P17==2,,¿En qué comuna reside?,,,
mc_vertical answer_below_label,mc comuna_3,comuna_P17_3,region_P17==3,,¿En qué comuna reside?,,,
mc_vertical answer_below_label,mc comuna_4,comuna_P17_4,region_P17==4,,¿En qué comuna reside?,,,
mc_vertical answer_below_label,mc comuna_5,comuna_P17_5,region_P17==5,,¿En qué comuna reside?,,,
mc_vertical answer_below_label,mc comuna_6,comuna_P17_6,region_P17==6,,¿En qué comuna reside?,,,
mc_vertical answer_below_label,mc comuna_7,comuna_P17_7,region_P17==7,,¿En qué comuna reside?,,,
mc_vertical answer_below_label,mc comuna_8,comuna_P17_8,region_P17==8,,¿En qué comuna reside?,,,
mc_vertical answer_below_label,mc comuna_9,comuna_P17_9,region_P17==9,,¿En qué comuna reside?,,,
mc_vertical answer_below_label,mc comuna_10,comuna_P17_10,region_P17==10,,¿En qué comuna reside?,,,
mc_vertical answer_below_label,mc comuna_11,comuna_P17_11,region_P17==11,,¿En qué comuna reside?,,,
mc_vertical answer_below_label,mc comuna_12,comuna_P17_12,region_P17==12,,¿En qué comuna reside?,,,
mc_vertical answer_below_label,mc comuna_13,comuna_P17_13,region_P17==13,,¿En qué comuna reside?,,,
mc_vertical answer_below_label,mc comuna_14,comuna_P17_14,region_P17==14,,¿En qué comuna reside?,,,
mc_vertical answer_below_label,mc comuna_15,comuna_P17_15,region_P17==15,,¿En qué comuna reside?,,,
mc_vertical answer_below_label,mc comuna_16,comuna_P17_16,region_P17==16,,¿En qué comuna reside?,,,
mc_vertical answer_below_label,select_one relacion,vinculo_P17,count_SN16 > 1,,¿Cuál es el vínculo con el/la niño/a?,,,
answer_below_label,text,vinculo_P17_esp,vinculo_P17 == 17,,Especifique,,,
mc_vertical answer_below_label,text,anio_P17,count_SN16 > 1,,"¿Qué edad tenía el niño/a cuando esta persona comenzó a participar en su cuidado? Si el niño/a tenía menos de 1 año o esta persona ha participado desde su nacimiento, indique “0”.",,,
mc_vertical answer_below_label,mc_multiple cuidado,cuidado_P17,count_SN16 > 1,,"Durante el último mes, ¿qué tipo(s) de cuidado entregó esta persona al/a niño/a?",,,
answer_below_label,text,cuidado_P17_esp,"cuidado_P17==7| cuidado_P17 %contains_word% ""7""",,Especifique,,,
mc_vertical answer_below_label,mc frecuencia,frecuencia_P17,count_SN16 > 1,,"Durante el último mes, ¿con qué frecuencia participó en el cuidado del niño/a?",,,
mc_vertical answer_below_label,mc horas,horas_P17,count_SN16 > 1,,"En los días que esta persona cuidó al/la niño/a, ¿cuántas horas aproximadamente lo/la cuidó?",,,
,submit,persona18,,,Siguiente,,,
counter space_bottom_60,"number 1,21",count_SN17,count_SN16> 1,1,¿Quiere añadir otra persona?,,,
,note,p18,count_SN17 > 1,,**Persona 18**,,,
clear right150 align_horizontally select2 label_as_placeholder row_height_40,text 50,nombre_P18,count_SN17 > 1,,Nombre,,,
mc_vertical answer_below_label,select_one sex_list,sex_P18,count_SN17 > 1,,¿Cuál es el sexo de esta persona?,,,
mc_vertical answer_below_label,text,edad_P18,count_SN17 > 1,,¿Cuál es la edad en años cumplidos de esta persona?,,,
mc_vertical answer_below_label,select_one educacion,educ_P18,count_SN17 > 1,,¿Cuál es el nivel educativo más alto alcanzado por esta persona?,,,
mc_vertical answer_below_label,select_one pais,pais_P18,count_SN17 > 1,,¿En qué país nació?,,,
mc_vertical answer_below_label,select_one region,region_P18,count_SN17 > 1,,¿En qué región reside?,,,
mc_vertical answer_below_label,mc comuna_1,comuna_P18_1,region_P18==1,,¿En qué comuna reside?,,,
mc_vertical answer_below_label,mc comuna_2,comuna_P18_2,region_P18==2,,¿En qué comuna reside?,,,
mc_vertical answer_below_label,mc comuna_3,comuna_P18_3,region_P18==3,,¿En qué comuna reside?,,,
mc_vertical answer_below_label,mc comuna_4,comuna_P18_4,region_P18==4,,¿En qué comuna reside?,,,
mc_vertical answer_below_label,mc comuna_5,comuna_P18_5,region_P18==5,,¿En qué comuna reside?,,,
mc_vertical answer_below_label,mc comuna_6,comuna_P18_6,region_P18==6,,¿En qué comuna reside?,,,
mc_vertical answer_below_label,mc comuna_7,comuna_P18_7,region_P18==7,,¿En qué comuna reside?,,,
mc_vertical answer_below_label,mc comuna_8,comuna_P18_8,region_P18==8,,¿En qué comuna reside?,,,
mc_vertical answer_below_label,mc comuna_9,comuna_P18_9,region_P18==9,,¿En qué comuna reside?,,,
mc_vertical answer_below_label,mc comuna_10,comuna_P18_10,region_P18==10,,¿En qué comuna reside?,,,
mc_vertical answer_below_label,mc comuna_11,comuna_P18_11,region_P18==11,,¿En qué comuna reside?,,,
mc_vertical answer_below_label,mc comuna_12,comuna_P18_12,region_P18==12,,¿En qué comuna reside?,,,
mc_vertical answer_below_label,mc comuna_13,comuna_P18_13,region_P18==13,,¿En qué comuna reside?,,,
mc_vertical answer_below_label,mc comuna_14,comuna_P18_14,region_P18==14,,¿En qué comuna reside?,,,
mc_vertical answer_below_label,mc comuna_15,comuna_P18_15,region_P18==15,,¿En qué comuna reside?,,,
mc_vertical answer_below_label,mc comuna_16,comuna_P18_16,region_P18==16,,¿En qué comuna reside?,,,
mc_vertical answer_below_label,select_one relacion,vinculo_P18,count_SN17 > 1,,¿Cuál es el vínculo con el/la niño/a?,,,
answer_below_label,text,vinculo_P18_esp,vinculo_P18 == 17,,Especifique,,,
mc_vertical answer_below_label,text,anio_P18,count_SN17 > 1,,"¿Qué edad tenía el niño/a cuando esta persona comenzó a participar en su cuidado? Si el niño/a tenía menos de 1 año o esta persona ha participado desde su nacimiento, indique “0”.",,,
mc_vertical answer_below_label,mc_multiple cuidado,cuidado_P18,count_SN17 > 1,,"Durante el último mes, ¿qué tipo(s) de cuidado entregó esta persona al/a niño/a?",,,
answer_below_label,text,cuidado_P18_esp,"cuidado_P18==7| cuidado_P18 %contains_word% ""7""",,Especifique,,,
mc_vertical answer_below_label,mc frecuencia,frecuencia_P18,count_SN17 > 1,,"Durante el último mes, ¿con qué frecuencia participó en el cuidado del niño/a?",,,
mc_vertical answer_below_label,mc horas,horas_P18,count_SN17 > 1,,"En los días que esta persona cuidó al/la niño/a, ¿cuántas horas aproximadamente lo/la cuidó?",,,
,submit,persona19,,,Siguiente,,,
counter space_bottom_60,"number 1,21",count_SN18,count_SN17 > 1,1,¿Quiere añadir otra persona?,,,
,note,p19,count_SN18 > 1,,**Persona 19**,,,
clear right150 align_horizontally select2 label_as_placeholder row_height_40,text 50,nombre_P19,count_SN18 > 1,,Nombre,,,
mc_vertical answer_below_label,select_one sex_list,sex_P19,count_SN18 > 1,,¿Cuál es el sexo de esta persona?,,,
mc_vertical answer_below_label,text,edad_P19,count_SN18 > 1,,¿Cuál es la edad en años cumplidos de esta persona?,,,
mc_vertical answer_below_label,select_one educacion,educ_P19,count_SN18 > 1,,¿Cuál es el nivel educativo más alto alcanzado por esta persona?,,,
mc_vertical answer_below_label,select_one pais,pais_P19,count_SN18 > 1,,¿En qué país nació?,,,
mc_vertical answer_below_label,select_one region,region_P19,count_SN18 > 1,,¿En qué región reside?,,,
mc_vertical answer_below_label,mc comuna_1,comuna_P19_1,region_P19==1,,¿En qué comuna reside?,,,
mc_vertical answer_below_label,mc comuna_2,comuna_P19_2,region_P19==2,,¿En qué comuna reside?,,,
mc_vertical answer_below_label,mc comuna_3,comuna_P19_3,region_P19==3,,¿En qué comuna reside?,,,
mc_vertical answer_below_label,mc comuna_4,comuna_P19_4,region_P19==4,,¿En qué comuna reside?,,,
mc_vertical answer_below_label,mc comuna_5,comuna_P19_5,region_P19==5,,¿En qué comuna reside?,,,
mc_vertical answer_below_label,mc comuna_6,comuna_P19_6,region_P19==6,,¿En qué comuna reside?,,,
mc_vertical answer_below_label,mc comuna_7,comuna_P19_7,region_P19==7,,¿En qué comuna reside?,,,
mc_vertical answer_below_label,mc comuna_8,comuna_P19_8,region_P19==8,,¿En qué comuna reside?,,,
mc_vertical answer_below_label,mc comuna_9,comuna_P19_9,region_P19==9,,¿En qué comuna reside?,,,
mc_vertical answer_below_label,mc comuna_10,comuna_P19_10,region_P19==10,,¿En qué comuna reside?,,,
mc_vertical answer_below_label,mc comuna_11,comuna_P19_11,region_P19==11,,¿En qué comuna reside?,,,
mc_vertical answer_below_label,mc comuna_12,comuna_P19_12,region_P19==12,,¿En qué comuna reside?,,,
mc_vertical answer_below_label,mc comuna_13,comuna_P19_13,region_P19==13,,¿En qué comuna reside?,,,
mc_vertical answer_below_label,mc comuna_14,comuna_P19_14,region_P19==14,,¿En qué comuna reside?,,,
mc_vertical answer_below_label,mc comuna_15,comuna_P19_15,region_P19==15,,¿En qué comuna reside?,,,
mc_vertical answer_below_label,mc comuna_16,comuna_P19_16,region_P19==16,,¿En qué comuna reside?,,,
mc_vertical answer_below_label,select_one relacion,vinculo_P19,count_SN18 > 1,,¿Cuál es el vínculo con el/la niño/a?,,,
answer_below_label,text,vinculo_P19_esp,vinculo_P19 == 17,,Especifique,,,
mc_vertical answer_below_label,text,anio_P19,count_SN18 > 1,,"¿Qué edad tenía el niño/a cuando esta persona comenzó a participar en su cuidado? Si el niño/a tenía menos de 1 año o esta persona ha participado desde su nacimiento, indique “0”.",,,
mc_vertical answer_below_label,mc_multiple cuidado,cuidado_P19,count_SN18 > 1,,"Durante el último mes, ¿qué tipo(s) de cuidado entregó esta persona al/a niño/a?",,,
answer_below_label,text,cuidado_P19_esp,"cuidado_P19==7| cuidado_P19 %contains_word% ""7""",,Especifique,,,
mc_vertical answer_below_label,mc frecuencia,frecuencia_P19,count_SN18 > 1,,"Durante el último mes, ¿con qué frecuencia participó en el cuidado del niño/a?",,,
mc_vertical answer_below_label,mc horas,horas_P19,count_SN18 > 1,,"En los días que esta persona cuidó al/la niño/a, ¿cuántas horas aproximadamente lo/la cuidó?",,,
,submit,persona20,,,Siguiente,,,
counter space_bottom_60,"number 1,21",count_SN19,count_SN18 > 1,1,¿Quiere añadir otra persona?,,,
,note,p20,count_SN19 > 1,,**Persona 20**,,,
clear right150 align_horizontally select2 label_as_placeholder row_height_40,text 50,nombre_P20,count_SN19 > 1,,Nombre,,,
mc_vertical answer_below_label,select_one sex_list,sex_P20,count_SN19 > 1,,¿Cuál es el sexo de esta persona?,,,
mc_vertical answer_below_label,text,edad_P20,count_SN19 > 1,,¿Cuál es la edad en años cumplidos de esta persona?,,,
mc_vertical answer_below_label,select_one educacion,educ_P20,count_SN19 > 1,,¿Cuál es el nivel educativo más alto alcanzado por esta persona?,,,
mc_vertical answer_below_label,select_one pais,pais_P20,count_SN19 > 1,,¿En qué país nació?,,,
mc_vertical answer_below_label,select_one region,region_P20,count_SN19 > 1,,¿En qué región reside?,,,
mc_vertical answer_below_label,mc comuna_1,comuna_P20_1,region_P20==1,,¿En qué comuna reside?,,,
mc_vertical answer_below_label,mc comuna_2,comuna_P20_2,region_P20==2,,¿En qué comuna reside?,,,
mc_vertical answer_below_label,mc comuna_3,comuna_P20_3,region_P20==3,,¿En qué comuna reside?,,,
mc_vertical answer_below_label,mc comuna_4,comuna_P20_4,region_P20==4,,¿En qué comuna reside?,,,
mc_vertical answer_below_label,mc comuna_5,comuna_P20_5,region_P20==5,,¿En qué comuna reside?,,,
mc_vertical answer_below_label,mc comuna_6,comuna_P20_6,region_P20==6,,¿En qué comuna reside?,,,
mc_vertical answer_below_label,mc comuna_7,comuna_P20_7,region_P20==7,,¿En qué comuna reside?,,,
mc_vertical answer_below_label,mc comuna_8,comuna_P20_8,region_P20==8,,¿En qué comuna reside?,,,
mc_vertical answer_below_label,mc comuna_9,comuna_P20_9,region_P20==9,,¿En qué comuna reside?,,,
mc_vertical answer_below_label,mc comuna_10,comuna_P20_10,region_P20==10,,¿En qué comuna reside?,,,
mc_vertical answer_below_label,mc comuna_11,comuna_P20_11,region_P20==11,,¿En qué comuna reside?,,,
mc_vertical answer_below_label,mc comuna_12,comuna_P20_12,region_P20==12,,¿En qué comuna reside?,,,
mc_vertical answer_below_label,mc comuna_13,comuna_P20_13,region_P20==13,,¿En qué comuna reside?,,,
mc_vertical answer_below_label,mc comuna_14,comuna_P20_14,region_P20==14,,¿En qué comuna reside?,,,
mc_vertical answer_below_label,mc comuna_15,comuna_P20_15,region_P20==15,,¿En qué comuna reside?,,,
mc_vertical answer_below_label,mc comuna_16,comuna_P20_16,region_P20==16,,¿En qué comuna reside?,,,
mc_vertical answer_below_label,select_one relacion,vinculo_P20,count_SN19 > 1,,¿Cuál es el vínculo con el/la niño/a?,,,
answer_below_label,text,vinculo_P20_esp,vinculo_P20 == 17,,Especifique,,,
mc_vertical answer_below_label,text,anio_P20,count_SN19 > 1,,"¿Qué edad tenía el niño/a cuando esta persona comenzó a participar en su cuidado? Si el niño/a tenía menos de 1 año o esta persona ha participado desde su nacimiento, indique “0”.",,,
mc_vertical answer_below_label,mc_multiple cuidado,cuidado_P20,count_SN19 > 1,,"Durante el último mes, ¿qué tipo(s) de cuidado entregó esta persona al/a niño/a?",,,
answer_below_label,text,cuidado_P20_esp,"cuidado_P20==7| cuidado_P20 %contains_word% ""7""",,Especifique,,,
mc_vertical answer_below_label,mc frecuencia,frecuencia_P20,count_SN19 > 1,,"Durante el último mes, ¿con qué frecuencia participó en el cuidado del niño/a?",,,
mc_vertical answer_below_label,mc horas,horas_P20,count_SN19 > 1,,"En los días que esta persona cuidó al/la niño/a, ¿cuántas horas aproximadamente lo/la cuidó?",,,
counter space_bottom_60,"number 1,21",count_SN,count_SN19 > 1,1,¿Quiere añadir otra persona?,,,
,note  ,maximum_listed,count_SN19 > 1,,Ya ha añadido 20 personas a su lista. Ya no podrá usar el botón + para añadir más personas.,,,
left700,submit,submit_1,,,Continuar,,,
,note,jerarquia,,,"### Pensando en el último mes, y considerando aspectos como el tiempo dedicado al cuidado, la responsabilidad asumida y la regularidad con que participa,
¿podría ordenar a las personas que mencionó según su nivel de involucramiento en el cuidado del niño/a, desde la más involucrada hasta la menos involucrada?",,,
mc_vertical answer_below_label,select_one jerarquia,jerarquia01,,,Lugar 1,,,
mc_vertical answer_below_label,select_one jerarquia,jerarquia02,person > 1,,Lugar 2,,,
mc_vertical answer_below_label,select_one jerarquia,jerarquia03,person > 2,,Lugar 3,,,
mc_vertical answer_below_label,select_one jerarquia,jerarquia04,person > 3,,Lugar 4,,,
mc_vertical answer_below_label,select_one jerarquia,jerarquia05,person > 4,,Lugar 5,,,
mc_vertical answer_below_label,select_one jerarquia,jerarquia06,person > 5,,Lugar 6,,,
mc_vertical answer_below_label,select_one jerarquia,jerarquia07,person > 6,,Lugar 7,,,
mc_vertical answer_below_label,select_one jerarquia,jerarquia08,person > 7,,Lugar 8,,,
mc_vertical answer_below_label,select_one jerarquia,jerarquia09,person > 8,,Lugar 9,,,
mc_vertical answer_below_label,select_one jerarquia,jerarquia10,person > 9,,Lugar 10,,,
mc_vertical answer_below_label,select_one jerarquia,jerarquia11,person > 10,,Lugar 11,,,
mc_vertical answer_below_label,select_one jerarquia,jerarquia12,person > 11,,Lugar 12,,,
mc_vertical answer_below_label,select_one jerarquia,jerarquia13,person > 12,,Lugar 13,,,
mc_vertical answer_below_label,select_one jerarquia,jerarquia14,person > 13,,Lugar 14,,,
mc_vertical answer_below_label,select_one jerarquia,jerarquia15,person > 14,,Lugar 15,,,
mc_vertical answer_below_label,select_one jerarquia,jerarquia16,person > 15,,Lugar 16,,,
mc_vertical answer_below_label,select_one jerarquia,jerarquia17,person > 16,,Lugar 17,,,
mc_vertical answer_below_label,select_one jerarquia,jerarquia18,person > 17,,Lugar 18,,,
mc_vertical answer_below_label,select_one jerarquia,jerarquia19,person > 18,,Lugar 19,,,
mc_vertical answer_below_label,select_one jerarquia,jerarquia20,person > 19,,Lugar 20,,,
,submit,inicio_03,,,Siguiente,,,
,note,instruction_contact_title,,,"### A continuación, se le presentarán pares de las personas que usted mencionó en la primera parte del cuestionario. Respecto a cada par, por favor indique si estas personas se conocen o no.",,,
mc_vertical answer_below_label,mc si_no,contact01,person2>= 2 & !is.na(person_name01) & nzchar(trimws(person_name01)) & !is.na(person_name02) & nzchar(trimws(person_name02)),,¿`r person_name01` y `r person_name02` se conocen?,,,
mc_vertical answer_below_label,mc si_no,contact02,person2>= 3 & !is.na(person_name01) & nzchar(trimws(person_name01)) & !is.na(person_name03) & nzchar(trimws(person_name03)),,¿`r person_name01` y `r person_name03` se conocen?,,,
mc_vertical answer_below_label,mc si_no,contact03,person2>= 4 & !is.na(person_name01) & nzchar(trimws(person_name01)) & !is.na(person_name04) & nzchar(trimws(person_name04)),,¿`r person_name01` y `r person_name04` se conocen?,,,
mc_vertical answer_below_label,mc si_no,contact04,person2>= 5 & !is.na(person_name01) & nzchar(trimws(person_name01)) & !is.na(person_name05) & nzchar(trimws(person_name05)),,¿`r person_name01` y `r person_name05` se conocen?,,,
mc_vertical answer_below_label,mc si_no,contact05,person2>= 6 & !is.na(person_name01) & nzchar(trimws(person_name01)) & !is.na(person_name06) & nzchar(trimws(person_name06)),,¿`r person_name01` y `r person_name06` se conocen?,,,
mc_vertical answer_below_label,mc si_no,contact06,person2>= 7 & !is.na(person_name01) & nzchar(trimws(person_name01)) & !is.na(person_name07) & nzchar(trimws(person_name07)),,¿`r person_name01` y `r person_name07` se conocen?,,,
mc_vertical answer_below_label,mc si_no,contact07,person2>= 8 & !is.na(person_name01) & nzchar(trimws(person_name01)) & !is.na(person_name08) & nzchar(trimws(person_name08)),,¿`r person_name01` y `r person_name08` se conocen?,,,
mc_vertical answer_below_label,mc si_no,contact08,person2>= 9 & !is.na(person_name01) & nzchar(trimws(person_name01)) & !is.na(person_name09) & nzchar(trimws(person_name09)),,¿`r person_name01` y `r person_name09` se conocen?,,,
mc_vertical answer_below_label,mc si_no,contact09,person2>= 3 & !is.na(person_name02) & nzchar(trimws(person_name02)) & !is.na(person_name03) & nzchar(trimws(person_name03)),,¿`r person_name02` y `r person_name03` se conocen?,,,
mc_vertical answer_below_label,mc si_no,contact10,person2>= 4 & !is.na(person_name02) & nzchar(trimws(person_name02)) & !is.na(person_name04) & nzchar(trimws(person_name04)),,¿`r person_name02` y `r person_name04` se conocen?,,,
mc_vertical answer_below_label,mc si_no,contact11,person2>= 5 & !is.na(person_name02) & nzchar(trimws(person_name02)) & !is.na(person_name05) & nzchar(trimws(person_name05)),,¿`r person_name02` y `r person_name05` se conocen?,,,
mc_vertical answer_below_label,mc si_no,contact12,person2>= 6 & !is.na(person_name02) & nzchar(trimws(person_name02)) & !is.na(person_name06) & nzchar(trimws(person_name06)),,¿`r person_name02` y `r person_name06` se conocen?,,,
mc_vertical answer_below_label,mc si_no,contact13,person2 >= 7 & !is.na(person_name02) & nzchar(trimws(person_name02)) & !is.na(person_name07) & nzchar(trimws(person_name07)),,¿`r person_name02` y `r person_name07` se conocen?,,,
mc_vertical answer_below_label,mc si_no,contact14,person2 >= 8 & !is.na(person_name02) & nzchar(trimws(person_name02)) & !is.na(person_name08) & nzchar(trimws(person_name08)),,¿`r person_name02` y `r person_name08` se conocen?,,,
mc_vertical answer_below_label,mc si_no,contact15,person2>= 9 & !is.na(person_name02) & nzchar(trimws(person_name02)) & !is.na(person_name09) & nzchar(trimws(person_name09)),,¿`r person_name02` y `r person_name09` se conocen?,,,
mc_vertical answer_below_label,mc si_no,contact16,person2 >= 4 & !is.na(person_name03) & nzchar(trimws(person_name03)) & !is.na(person_name04) & nzchar(trimws(person_name04)),,¿`r person_name03` y `r person_name04` se conocen?,,,
mc_vertical answer_below_label,mc si_no,contact17,person2>= 5 & !is.na(person_name03) & nzchar(trimws(person_name03)) & !is.na(person_name05) & nzchar(trimws(person_name05)),,¿`r person_name03` y `r person_name05` se conocen?,,,
mc_vertical answer_below_label,mc si_no,contact18,person2>= 6 & !is.na(person_name03) & nzchar(trimws(person_name03)) & !is.na(person_name06) & nzchar(trimws(person_name06)),,¿`r person_name03` y `r person_name06` se conocen?,,,
mc_vertical answer_below_label,mc si_no,contact19,person2>= 7 & !is.na(person_name03) & nzchar(trimws(person_name03)) & !is.na(person_name07) & nzchar(trimws(person_name07)),,¿`r person_name03` y `r person_name07` se conocen?,,,
mc_vertical answer_below_label,mc si_no,contact20,person2>= 8 & !is.na(person_name03) & nzchar(trimws(person_name03)) & !is.na(person_name08) & nzchar(trimws(person_name08)),,¿`r person_name03` y `r person_name08` se conocen?,,,
mc_vertical answer_below_label,mc si_no,contact21,person2 >= 9 & !is.na(person_name03) & nzchar(trimws(person_name03)) & !is.na(person_name09) & nzchar(trimws(person_name09)),,¿`r person_name03` y `r person_name09` se conocen?,,,
mc_vertical answer_below_label,mc si_no,contact22,person2>= 5 & !is.na(person_name04) & nzchar(trimws(person_name04)) & !is.na(person_name05) & nzchar(trimws(person_name05)),,¿`r person_name04` y `r person_name05` se conocen?,,,
mc_vertical answer_below_label,mc si_no,contact23,person2>= 6 & !is.na(person_name04) & nzchar(trimws(person_name04)) & !is.na(person_name06) & nzchar(trimws(person_name06)),,¿`r person_name04` y `r person_name06` se conocen?,,,
mc_vertical answer_below_label,mc si_no,contact24,person2>= 7 & !is.na(person_name04) & nzchar(trimws(person_name04)) & !is.na(person_name07) & nzchar(trimws(person_name07)),,¿`r person_name04` y `r person_name07` se conocen?,,,
mc_vertical answer_below_label,mc si_no,contact25,person2>= 8 & !is.na(person_name04) & nzchar(trimws(person_name04)) & !is.na(person_name08) & nzchar(trimws(person_name08)),,¿`r person_name04` y `r person_name08` se conocen?,,,
mc_vertical answer_below_label,mc si_no,contact26,person2 >= 9 & !is.na(person_name04) & nzchar(trimws(person_name04)) & !is.na(person_name09) & nzchar(trimws(person_name09)),,¿`r person_name04` y `r person_name09` se conocen?,,,
mc_vertical answer_below_label,mc si_no,contact27,person2>= 6 & !is.na(person_name05) & nzchar(trimws(person_name05)) & !is.na(person_name06) & nzchar(trimws(person_name06)),,¿`r person_name05` y `r person_name06` se conocen?,,,
mc_vertical answer_below_label,mc si_no,contact28,person2>= 7 & !is.na(person_name05) & nzchar(trimws(person_name05)) & !is.na(person_name07) & nzchar(trimws(person_name07)),,¿`r person_name05` y `r person_name07` se conocen?,,,
mc_vertical answer_below_label,mc si_no,contact29,person2 >= 8 & !is.na(person_name05) & nzchar(trimws(person_name05)) & !is.na(person_name08) & nzchar(trimws(person_name08)),,¿`r person_name05` y `r person_name08` se conocen?,,,
mc_vertical answer_below_label,mc si_no,contact30,person2>= 9 & !is.na(person_name05) & nzchar(trimws(person_name05)) & !is.na(person_name09) & nzchar(trimws(person_name09)),,¿`r person_name05` y `r person_name09` se conocen?,,,
mc_vertical answer_below_label,mc si_no,contact31,person2>= 7 & !is.na(person_name06) & nzchar(trimws(person_name06)) & !is.na(person_name07) & nzchar(trimws(person_name07)),,¿`r person_name06` y `r person_name07` se conocen?,,,
mc_vertical answer_below_label,mc si_no,contact32,person2 >= 8 & !is.na(person_name06) & nzchar(trimws(person_name06)) & !is.na(person_name08) & nzchar(trimws(person_name08)),,¿`r person_name06` y `r person_name08` se conocen?,,,
mc_vertical answer_below_label,mc si_no,contact33,person2>= 9 & !is.na(person_name06) & nzchar(trimws(person_name06)) & !is.na(person_name09) & nzchar(trimws(person_name09)),,¿`r person_name06` y `r person_name09` se conocen?,,,
mc_vertical answer_below_label,mc si_no,contact34,person2>= 8 & !is.na(person_name07) & nzchar(trimws(person_name07)) & !is.na(person_name08) & nzchar(trimws(person_name08)),,¿`r person_name07` y `r person_name08` se conocen?,,,
mc_vertical answer_below_label,mc si_no,contact35,person2>= 9 & !is.na(person_name07) & nzchar(trimws(person_name07)) & !is.na(person_name09) & nzchar(trimws(person_name09)),,¿`r person_name07` y `r person_name09` se conocen?,,,
mc_vertical answer_below_label,mc si_no,contact36,person2>= 9 & !is.na(person_name08) & nzchar(trimws(person_name08)) & !is.na(person_name09) & nzchar(trimws(person_name09)),,¿`r person_name08` y `r person_name09` se conocen?,,,
,submit,inicio_03a,,,Siguiente,,,
mc_vertical answer_below_label,mc si_no,contact37,person >= 10 & !is.na(person_name01) & nzchar(trimws(person_name01)) & !is.na(person_name10) & nzchar(trimws(person_name10)),,¿`r person_name01` y `r person_name10` se conocen?,,,
mc_vertical answer_below_label,mc si_no,contact38,person >= 11 & !is.na(person_name01) & nzchar(trimws(person_name01)) & !is.na(person_name11) & nzchar(trimws(person_name11)),,¿`r person_name01` y `r person_name11` se conocen?,,,
mc_vertical answer_below_label,mc si_no,contact39,person >= 12 & !is.na(person_name01) & nzchar(trimws(person_name01)) & !is.na(person_name12) & nzchar(trimws(person_name12)),,¿`r person_name01` y `r person_name12` se conocen?,,,
mc_vertical answer_below_label,mc si_no,contact40,person >= 13 & !is.na(person_name01) & nzchar(trimws(person_name01)) & !is.na(person_name13) & nzchar(trimws(person_name13)),,¿`r person_name01` y `r person_name13` se conocen?,,,
mc_vertical answer_below_label,mc si_no,contact41,person >= 14 & !is.na(person_name01) & nzchar(trimws(person_name01)) & !is.na(person_name14) & nzchar(trimws(person_name14)),,¿`r person_name01` y `r person_name14` se conocen?,,,
mc_vertical answer_below_label,mc si_no,contact42,person >= 15 & !is.na(person_name01) & nzchar(trimws(person_name01)) & !is.na(person_name15) & nzchar(trimws(person_name15)),,¿`r person_name01` y `r person_name15` se conocen?,,,
mc_vertical answer_below_label,mc si_no,contact43,person >= 16 & !is.na(person_name01) & nzchar(trimws(person_name01)) & !is.na(person_name16) & nzchar(trimws(person_name16)),,¿`r person_name01` y `r person_name16` se conocen?,,,
mc_vertical answer_below_label,mc si_no,contact44,person >= 17 & !is.na(person_name01) & nzchar(trimws(person_name01)) & !is.na(person_name17) & nzchar(trimws(person_name17)),,¿`r person_name01` y `r person_name17` se conocen?,,,
mc_vertical answer_below_label,mc si_no,contact45,person >= 18 & !is.na(person_name01) & nzchar(trimws(person_name01)) & !is.na(person_name18) & nzchar(trimws(person_name18)),,¿`r person_name01` y `r person_name18` se conocen?,,,
mc_vertical answer_below_label,mc si_no,contact46,person >= 19 & !is.na(person_name01) & nzchar(trimws(person_name01)) & !is.na(person_name19) & nzchar(trimws(person_name19)),,¿`r person_name01` y `r person_name19` se conocen?,,,
mc_vertical answer_below_label,mc si_no,contact47,person >= 20 & !is.na(person_name01) & nzchar(trimws(person_name01)) & !is.na(person_name20) & nzchar(trimws(person_name20)),,¿`r person_name01` y `r person_name20` se conocen?,,,
mc_vertical answer_below_label,mc si_no,contact48,person >= 10 & !is.na(person_name02) & nzchar(trimws(person_name02)) & !is.na(person_name10) & nzchar(trimws(person_name10)),,¿`r person_name02` y `r person_name10` se conocen?,,,
mc_vertical answer_below_label,mc si_no,contact49,person >= 11 & !is.na(person_name02) & nzchar(trimws(person_name02)) & !is.na(person_name11) & nzchar(trimws(person_name11)),,¿`r person_name02` y `r person_name11` se conocen?,,,
mc_vertical answer_below_label,mc si_no,contact50,person >= 12 & !is.na(person_name02) & nzchar(trimws(person_name02)) & !is.na(person_name12) & nzchar(trimws(person_name12)),,¿`r person_name02` y `r person_name12` se conocen?,,,
mc_vertical answer_below_label,mc si_no,contact51,person >= 13 & !is.na(person_name02) & nzchar(trimws(person_name02)) & !is.na(person_name13) & nzchar(trimws(person_name13)),,¿`r person_name02` y `r person_name13` se conocen?,,,
mc_vertical answer_below_label,mc si_no,contact52,person >= 14 & !is.na(person_name02) & nzchar(trimws(person_name02)) & !is.na(person_name14) & nzchar(trimws(person_name14)),,¿`r person_name02` y `r person_name14` se conocen?,,,
mc_vertical answer_below_label,mc si_no,contact53,person >= 15 & !is.na(person_name02) & nzchar(trimws(person_name02)) & !is.na(person_name15) & nzchar(trimws(person_name15)),,¿`r person_name02` y `r person_name15` se conocen?,,,
mc_vertical answer_below_label,mc si_no,contact54,person >= 16 & !is.na(person_name02) & nzchar(trimws(person_name02)) & !is.na(person_name16) & nzchar(trimws(person_name16)),,¿`r person_name02` y `r person_name16` se conocen?,,,
mc_vertical answer_below_label,mc si_no,contact55,person >= 17 & !is.na(person_name02) & nzchar(trimws(person_name02)) & !is.na(person_name17) & nzchar(trimws(person_name17)),,¿`r person_name02` y `r person_name17` se conocen?,,,
mc_vertical answer_below_label,mc si_no,contact56,person >= 18 & !is.na(person_name02) & nzchar(trimws(person_name02)) & !is.na(person_name18) & nzchar(trimws(person_name18)),,¿`r person_name02` y `r person_name18` se conocen?,,,
mc_vertical answer_below_label,mc si_no,contact57,person >= 19 & !is.na(person_name02) & nzchar(trimws(person_name02)) & !is.na(person_name19) & nzchar(trimws(person_name19)),,¿`r person_name02` y `r person_name19` se conocen?,,,
mc_vertical answer_below_label,mc si_no,contact58,person >= 20 & !is.na(person_name02) & nzchar(trimws(person_name02)) & !is.na(person_name20) & nzchar(trimws(person_name20)),,¿`r person_name02` y `r person_name20` se conocen?,,,
mc_vertical answer_below_label,mc si_no,contact59,person >= 10 & !is.na(person_name03) & nzchar(trimws(person_name03)) & !is.na(person_name10) & nzchar(trimws(person_name10)),,¿`r person_name03` y `r person_name10` se conocen?,,,
mc_vertical answer_below_label,mc si_no,contact60,person >= 11 & !is.na(person_name03) & nzchar(trimws(person_name03)) & !is.na(person_name11) & nzchar(trimws(person_name11)),,¿`r person_name03` y `r person_name11` se conocen?,,,
mc_vertical answer_below_label,mc si_no,contact61,person >= 12 & !is.na(person_name03) & nzchar(trimws(person_name03)) & !is.na(person_name12) & nzchar(trimws(person_name12)),,¿`r person_name03` y `r person_name12` se conocen?,,,
mc_vertical answer_below_label,mc si_no,contact62,person >= 13 & !is.na(person_name03) & nzchar(trimws(person_name03)) & !is.na(person_name13) & nzchar(trimws(person_name13)),,¿`r person_name03` y `r person_name13` se conocen?,,,
mc_vertical answer_below_label,mc si_no,contact63,person >= 14 & !is.na(person_name03) & nzchar(trimws(person_name03)) & !is.na(person_name14) & nzchar(trimws(person_name14)),,¿`r person_name03` y `r person_name14` se conocen?,,,
mc_vertical answer_below_label,mc si_no,contact64,person >= 15 & !is.na(person_name03) & nzchar(trimws(person_name03)) & !is.na(person_name15) & nzchar(trimws(person_name15)),,¿`r person_name03` y `r person_name15` se conocen?,,,
mc_vertical answer_below_label,mc si_no,contact65,person >= 16 & !is.na(person_name03) & nzchar(trimws(person_name03)) & !is.na(person_name16) & nzchar(trimws(person_name16)),,¿`r person_name03` y `r person_name16` se conocen?,,,
mc_vertical answer_below_label,mc si_no,contact66,person >= 17 & !is.na(person_name03) & nzchar(trimws(person_name03)) & !is.na(person_name17) & nzchar(trimws(person_name17)),,¿`r person_name03` y `r person_name17` se conocen?,,,
mc_vertical answer_below_label,mc si_no,contact67,person >= 18 & !is.na(person_name03) & nzchar(trimws(person_name03)) & !is.na(person_name18) & nzchar(trimws(person_name18)),,¿`r person_name03` y `r person_name18` se conocen?,,,
mc_vertical answer_below_label,mc si_no,contact68,person >= 19 & !is.na(person_name03) & nzchar(trimws(person_name03)) & !is.na(person_name19) & nzchar(trimws(person_name19)),,¿`r person_name03` y `r person_name19` se conocen?,,,
mc_vertical answer_below_label,mc si_no,contact69,person >= 20 & !is.na(person_name03) & nzchar(trimws(person_name03)) & !is.na(person_name20) & nzchar(trimws(person_name20)),,¿`r person_name03` y `r person_name20` se conocen?,,,
mc_vertical answer_below_label,mc si_no,contact70,person >= 10 & !is.na(person_name04) & nzchar(trimws(person_name04)) & !is.na(person_name10) & nzchar(trimws(person_name10)),,¿`r person_name04` y `r person_name10` se conocen?,,,
mc_vertical answer_below_label,mc si_no,contact71,person >= 11 & !is.na(person_name04) & nzchar(trimws(person_name04)) & !is.na(person_name11) & nzchar(trimws(person_name11)),,¿`r person_name04` y `r person_name11` se conocen?,,,
mc_vertical answer_below_label,mc si_no,contact72,person >= 12 & !is.na(person_name04) & nzchar(trimws(person_name04)) & !is.na(person_name12) & nzchar(trimws(person_name12)),,¿`r person_name04` y `r person_name12` se conocen?,,,
mc_vertical answer_below_label,mc si_no,contact73,person >= 13 & !is.na(person_name04) & nzchar(trimws(person_name04)) & !is.na(person_name13) & nzchar(trimws(person_name13)),,¿`r person_name04` y `r person_name13` se conocen?,,,
mc_vertical answer_below_label,mc si_no,contact74,person >= 14 & !is.na(person_name04) & nzchar(trimws(person_name04)) & !is.na(person_name14) & nzchar(trimws(person_name14)),,¿`r person_name04` y `r person_name14` se conocen?,,,
mc_vertical answer_below_label,mc si_no,contact75,person >= 15 & !is.na(person_name04) & nzchar(trimws(person_name04)) & !is.na(person_name15) & nzchar(trimws(person_name15)),,¿`r person_name04` y `r person_name15` se conocen?,,,
mc_vertical answer_below_label,mc si_no,contact76,person >= 16 & !is.na(person_name04) & nzchar(trimws(person_name04)) & !is.na(person_name16) & nzchar(trimws(person_name16)),,¿`r person_name04` y `r person_name16` se conocen?,,,
mc_vertical answer_below_label,mc si_no,contact77,person >= 17 & !is.na(person_name04) & nzchar(trimws(person_name04)) & !is.na(person_name17) & nzchar(trimws(person_name17)),,¿`r person_name04` y `r person_name17` se conocen?,,,
mc_vertical answer_below_label,mc si_no,contact78,person >= 18 & !is.na(person_name04) & nzchar(trimws(person_name04)) & !is.na(person_name18) & nzchar(trimws(person_name18)),,¿`r person_name04` y `r person_name18` se conocen?,,,
mc_vertical answer_below_label,mc si_no,contact79,person >= 19 & !is.na(person_name04) & nzchar(trimws(person_name04)) & !is.na(person_name19) & nzchar(trimws(person_name19)),,¿`r person_name04` y `r person_name19` se conocen?,,,
mc_vertical answer_below_label,mc si_no,contact80,person >= 20 & !is.na(person_name04) & nzchar(trimws(person_name04)) & !is.na(person_name20) & nzchar(trimws(person_name20)),,¿`r person_name04` y `r person_name20` se conocen?,,,
mc_vertical answer_below_label,mc si_no,contact81,person >= 10 & !is.na(person_name05) & nzchar(trimws(person_name05)) & !is.na(person_name10) & nzchar(trimws(person_name10)),,¿`r person_name05` y `r person_name10` se conocen?,,,
mc_vertical answer_below_label,mc si_no,contact82,person >= 11 & !is.na(person_name05) & nzchar(trimws(person_name05)) & !is.na(person_name11) & nzchar(trimws(person_name11)),,¿`r person_name05` y `r person_name11` se conocen?,,,
mc_vertical answer_below_label,mc si_no,contact83,person >= 12 & !is.na(person_name05) & nzchar(trimws(person_name05)) & !is.na(person_name12) & nzchar(trimws(person_name12)),,¿`r person_name05` y `r person_name12` se conocen?,,,
mc_vertical answer_below_label,mc si_no,contact84,person >= 13 & !is.na(person_name05) & nzchar(trimws(person_name05)) & !is.na(person_name13) & nzchar(trimws(person_name13)),,¿`r person_name05` y `r person_name13` se conocen?,,,
mc_vertical answer_below_label,mc si_no,contact85,person >= 14 & !is.na(person_name05) & nzchar(trimws(person_name05)) & !is.na(person_name14) & nzchar(trimws(person_name14)),,¿`r person_name05` y `r person_name14` se conocen?,,,
mc_vertical answer_below_label,mc si_no,contact86,person >= 15 & !is.na(person_name05) & nzchar(trimws(person_name05)) & !is.na(person_name15) & nzchar(trimws(person_name15)),,¿`r person_name05` y `r person_name15` se conocen?,,,
mc_vertical answer_below_label,mc si_no,contact87,person >= 16 & !is.na(person_name05) & nzchar(trimws(person_name05)) & !is.na(person_name16) & nzchar(trimws(person_name16)),,¿`r person_name05` y `r person_name16` se conocen?,,,
mc_vertical answer_below_label,mc si_no,contact88,person >= 17 & !is.na(person_name05) & nzchar(trimws(person_name05)) & !is.na(person_name17) & nzchar(trimws(person_name17)),,¿`r person_name05` y `r person_name17` se conocen?,,,
mc_vertical answer_below_label,mc si_no,contact89,person >= 18 & !is.na(person_name05) & nzchar(trimws(person_name05)) & !is.na(person_name18) & nzchar(trimws(person_name18)),,¿`r person_name05` y `r person_name18` se conocen?,,,
mc_vertical answer_below_label,mc si_no,contact90,person >= 19 & !is.na(person_name05) & nzchar(trimws(person_name05)) & !is.na(person_name19) & nzchar(trimws(person_name19)),,¿`r person_name05` y `r person_name19` se conocen?,,,
mc_vertical answer_below_label,mc si_no,contact91,person >= 20 & !is.na(person_name05) & nzchar(trimws(person_name05)) & !is.na(person_name20) & nzchar(trimws(person_name20)),,¿`r person_name05` y `r person_name20` se conocen?,,,
mc_vertical answer_below_label,mc si_no,contact92,person >= 10 & !is.na(person_name06) & nzchar(trimws(person_name06)) & !is.na(person_name10) & nzchar(trimws(person_name10)),,¿`r person_name06` y `r person_name10` se conocen?,,,
mc_vertical answer_below_label,mc si_no,contact93,person >= 11 & !is.na(person_name06) & nzchar(trimws(person_name06)) & !is.na(person_name11) & nzchar(trimws(person_name11)),,¿`r person_name06` y `r person_name11` se conocen?,,,
mc_vertical answer_below_label,mc si_no,contact94,person >= 12 & !is.na(person_name06) & nzchar(trimws(person_name06)) & !is.na(person_name12) & nzchar(trimws(person_name12)),,¿`r person_name06` y `r person_name12` se conocen?,,,
mc_vertical answer_below_label,mc si_no,contact95,person >= 13 & !is.na(person_name06) & nzchar(trimws(person_name06)) & !is.na(person_name13) & nzchar(trimws(person_name13)),,¿`r person_name06` y `r person_name13` se conocen?,,,
mc_vertical answer_below_label,mc si_no,contact96,person >= 14 & !is.na(person_name06) & nzchar(trimws(person_name06)) & !is.na(person_name14) & nzchar(trimws(person_name14)),,¿`r person_name06` y `r person_name14` se conocen?,,,
mc_vertical answer_below_label,mc si_no,contact97,person >= 15 & !is.na(person_name06) & nzchar(trimws(person_name06)) & !is.na(person_name15) & nzchar(trimws(person_name15)),,¿`r person_name06` y `r person_name15` se conocen?,,,
mc_vertical answer_below_label,mc si_no,contact98,person >= 16 & !is.na(person_name06) & nzchar(trimws(person_name06)) & !is.na(person_name16) & nzchar(trimws(person_name16)),,¿`r person_name06` y `r person_name16` se conocen?,,,
mc_vertical answer_below_label,mc si_no,contact99,person >= 17 & !is.na(person_name06) & nzchar(trimws(person_name06)) & !is.na(person_name17) & nzchar(trimws(person_name17)),,¿`r person_name06` y `r person_name17` se conocen?,,,
mc_vertical answer_below_label,mc si_no,contact100,person >= 18 & !is.na(person_name06) & nzchar(trimws(person_name06)) & !is.na(person_name18) & nzchar(trimws(person_name18)),,¿`r person_name06` y `r person_name18` se conocen?,,,
mc_vertical answer_below_label,mc si_no,contact101,person >= 19 & !is.na(person_name06) & nzchar(trimws(person_name06)) & !is.na(person_name19) & nzchar(trimws(person_name19)),,¿`r person_name06` y `r person_name19` se conocen?,,,
mc_vertical answer_below_label,mc si_no,contact102,person >= 20 & !is.na(person_name06) & nzchar(trimws(person_name06)) & !is.na(person_name20) & nzchar(trimws(person_name20)),,¿`r person_name06` y `r person_name20` se conocen?,,,
mc_vertical answer_below_label,mc si_no,contact103,person >= 10 & !is.na(person_name07) & nzchar(trimws(person_name07)) & !is.na(person_name10) & nzchar(trimws(person_name10)),,¿`r person_name07` y `r person_name10` se conocen?,,,
mc_vertical answer_below_label,mc si_no,contact104,person >= 11 & !is.na(person_name07) & nzchar(trimws(person_name07)) & !is.na(person_name11) & nzchar(trimws(person_name11)),,¿`r person_name07` y `r person_name11` se conocen?,,,
mc_vertical answer_below_label,mc si_no,contact105,person >= 12 & !is.na(person_name07) & nzchar(trimws(person_name07)) & !is.na(person_name12) & nzchar(trimws(person_name12)),,¿`r person_name07` y `r person_name12` se conocen?,,,
mc_vertical answer_below_label,mc si_no,contact106,person >= 13 & !is.na(person_name07) & nzchar(trimws(person_name07)) & !is.na(person_name13) & nzchar(trimws(person_name13)),,¿`r person_name07` y `r person_name13` se conocen?,,,
mc_vertical answer_below_label,mc si_no,contact107,person >= 14 & !is.na(person_name07) & nzchar(trimws(person_name07)) & !is.na(person_name14) & nzchar(trimws(person_name14)),,¿`r person_name07` y `r person_name14` se conocen?,,,
mc_vertical answer_below_label,mc si_no,contact108,person >= 15 & !is.na(person_name07) & nzchar(trimws(person_name07)) & !is.na(person_name15) & nzchar(trimws(person_name15)),,¿`r person_name07` y `r person_name15` se conocen?,,,
mc_vertical answer_below_label,mc si_no,contact109,person >= 16 & !is.na(person_name07) & nzchar(trimws(person_name07)) & !is.na(person_name16) & nzchar(trimws(person_name16)),,¿`r person_name07` y `r person_name16` se conocen?,,,
mc_vertical answer_below_label,mc si_no,contact110,person >= 17 & !is.na(person_name07) & nzchar(trimws(person_name07)) & !is.na(person_name17) & nzchar(trimws(person_name17)),,¿`r person_name07` y `r person_name17` se conocen?,,,
mc_vertical answer_below_label,mc si_no,contact111,person >= 18 & !is.na(person_name07) & nzchar(trimws(person_name07)) & !is.na(person_name18) & nzchar(trimws(person_name18)),,¿`r person_name07` y `r person_name18` se conocen?,,,
mc_vertical answer_below_label,mc si_no,contact112,person >= 19 & !is.na(person_name07) & nzchar(trimws(person_name07)) & !is.na(person_name19) & nzchar(trimws(person_name19)),,¿`r person_name07` y `r person_name19` se conocen?,,,
mc_vertical answer_below_label,mc si_no,contact113,person >= 20 & !is.na(person_name07) & nzchar(trimws(person_name07)) & !is.na(person_name20) & nzchar(trimws(person_name20)),,¿`r person_name07` y `r person_name20` se conocen?,,,
mc_vertical answer_below_label,mc si_no,contact114,person >= 10 & !is.na(person_name08) & nzchar(trimws(person_name08)) & !is.na(person_name10) & nzchar(trimws(person_name10)),,¿`r person_name08` y `r person_name10` se conocen?,,,
mc_vertical answer_below_label,mc si_no,contact115,person >= 11 & !is.na(person_name08) & nzchar(trimws(person_name08)) & !is.na(person_name11) & nzchar(trimws(person_name11)),,¿`r person_name08` y `r person_name11` se conocen?,,,
mc_vertical answer_below_label,mc si_no,contact116,person >= 12 & !is.na(person_name08) & nzchar(trimws(person_name08)) & !is.na(person_name12) & nzchar(trimws(person_name12)),,¿`r person_name08` y `r person_name12` se conocen?,,,
mc_vertical answer_below_label,mc si_no,contact117,person >= 13 & !is.na(person_name08) & nzchar(trimws(person_name08)) & !is.na(person_name13) & nzchar(trimws(person_name13)),,¿`r person_name08` y `r person_name13` se conocen?,,,
mc_vertical answer_below_label,mc si_no,contact118,person >= 14 & !is.na(person_name08) & nzchar(trimws(person_name08)) & !is.na(person_name14) & nzchar(trimws(person_name14)),,¿`r person_name08` y `r person_name14` se conocen?,,,
mc_vertical answer_below_label,mc si_no,contact119,person >= 15 & !is.na(person_name08) & nzchar(trimws(person_name08)) & !is.na(person_name15) & nzchar(trimws(person_name15)),,¿`r person_name08` y `r person_name15` se conocen?,,,
mc_vertical answer_below_label,mc si_no,contact120,person >= 16 & !is.na(person_name08) & nzchar(trimws(person_name08)) & !is.na(person_name16) & nzchar(trimws(person_name16)),,¿`r person_name08` y `r person_name16` se conocen?,,,
mc_vertical answer_below_label,mc si_no,contact121,person >= 17 & !is.na(person_name08) & nzchar(trimws(person_name08)) & !is.na(person_name17) & nzchar(trimws(person_name17)),,¿`r person_name08` y `r person_name17` se conocen?,,,
mc_vertical answer_below_label,mc si_no,contact122,person >= 18 & !is.na(person_name08) & nzchar(trimws(person_name08)) & !is.na(person_name18) & nzchar(trimws(person_name18)),,¿`r person_name08` y `r person_name18` se conocen?,,,
mc_vertical answer_below_label,mc si_no,contact123,person >= 19 & !is.na(person_name08) & nzchar(trimws(person_name08)) & !is.na(person_name19) & nzchar(trimws(person_name19)),,¿`r person_name08` y `r person_name19` se conocen?,,,
mc_vertical answer_below_label,mc si_no,contact124,person >= 20 & !is.na(person_name08) & nzchar(trimws(person_name08)) & !is.na(person_name20) & nzchar(trimws(person_name20)),,¿`r person_name08` y `r person_name20` se conocen?,,,
mc_vertical answer_below_label,mc si_no,contact125,person >= 10 & !is.na(person_name09) & nzchar(trimws(person_name09)) & !is.na(person_name10) & nzchar(trimws(person_name10)),,¿`r person_name09` y `r person_name10` se conocen?,,,
mc_vertical answer_below_label,mc si_no,contact126,person >= 11 & !is.na(person_name09) & nzchar(trimws(person_name09)) & !is.na(person_name11) & nzchar(trimws(person_name11)),,¿`r person_name09` y `r person_name11` se conocen?,,,
mc_vertical answer_below_label,mc si_no,contact127,person >= 12 & !is.na(person_name09) & nzchar(trimws(person_name09)) & !is.na(person_name12) & nzchar(trimws(person_name12)),,¿`r person_name09` y `r person_name12` se conocen?,,,
mc_vertical answer_below_label,mc si_no,contact128,person >= 13 & !is.na(person_name09) & nzchar(trimws(person_name09)) & !is.na(person_name13) & nzchar(trimws(person_name13)),,¿`r person_name09` y `r person_name13` se conocen?,,,
mc_vertical answer_below_label,mc si_no,contact129,person >= 14 & !is.na(person_name09) & nzchar(trimws(person_name09)) & !is.na(person_name14) & nzchar(trimws(person_name14)),,¿`r person_name09` y `r person_name14` se conocen?,,,
mc_vertical answer_below_label,mc si_no,contact130,person >= 15 & !is.na(person_name09) & nzchar(trimws(person_name09)) & !is.na(person_name15) & nzchar(trimws(person_name15)),,¿`r person_name09` y `r person_name15` se conocen?,,,
mc_vertical answer_below_label,mc si_no,contact131,person >= 16 & !is.na(person_name09) & nzchar(trimws(person_name09)) & !is.na(person_name16) & nzchar(trimws(person_name16)),,¿`r person_name09` y `r person_name16` se conocen?,,,
mc_vertical answer_below_label,mc si_no,contact132,person >= 17 & !is.na(person_name09) & nzchar(trimws(person_name09)) & !is.na(person_name17) & nzchar(trimws(person_name17)),,¿`r person_name09` y `r person_name17` se conocen?,,,
mc_vertical answer_below_label,mc si_no,contact133,person >= 18 & !is.na(person_name09) & nzchar(trimws(person_name09)) & !is.na(person_name18) & nzchar(trimws(person_name18)),,¿`r person_name09` y `r person_name18` se conocen?,,,
mc_vertical answer_below_label,mc si_no,contact134,person >= 19 & !is.na(person_name09) & nzchar(trimws(person_name09)) & !is.na(person_name19) & nzchar(trimws(person_name19)),,¿`r person_name09` y `r person_name19` se conocen?,,,
mc_vertical answer_below_label,mc si_no,contact135,person >= 20 & !is.na(person_name09) & nzchar(trimws(person_name09)) & !is.na(person_name20) & nzchar(trimws(person_name20)),,¿`r person_name09` y `r person_name20` se conocen?,,,
,submit,inicio_03b,,,Siguiente,,,
mc_vertical answer_below_label,mc si_no,contact136,person >= 11 & !is.na(person_name10) & nzchar(trimws(person_name10)) & !is.na(person_name11) & nzchar(trimws(person_name11)),,¿`r person_name10` y `r person_name11` se conocen?,,,
mc_vertical answer_below_label,mc si_no,contact137,person >= 12 & !is.na(person_name10) & nzchar(trimws(person_name10)) & !is.na(person_name12) & nzchar(trimws(person_name12)),,¿`r person_name10` y `r person_name12` se conocen?,,,
mc_vertical answer_below_label,mc si_no,contact138,person >= 13 & !is.na(person_name10) & nzchar(trimws(person_name10)) & !is.na(person_name13) & nzchar(trimws(person_name13)),,¿`r person_name10` y `r person_name13` se conocen?,,,
mc_vertical answer_below_label,mc si_no,contact139,person >= 14 & !is.na(person_name10) & nzchar(trimws(person_name10)) & !is.na(person_name14) & nzchar(trimws(person_name14)),,¿`r person_name10` y `r person_name14` se conocen?,,,
mc_vertical answer_below_label,mc si_no,contact140,person >= 15 & !is.na(person_name10) & nzchar(trimws(person_name10)) & !is.na(person_name15) & nzchar(trimws(person_name15)),,¿`r person_name10` y `r person_name15` se conocen?,,,
mc_vertical answer_below_label,mc si_no,contact141,person >= 16 & !is.na(person_name10) & nzchar(trimws(person_name10)) & !is.na(person_name16) & nzchar(trimws(person_name16)),,¿`r person_name10` y `r person_name16` se conocen?,,,
mc_vertical answer_below_label,mc si_no,contact142,person >= 17 & !is.na(person_name10) & nzchar(trimws(person_name10)) & !is.na(person_name17) & nzchar(trimws(person_name17)),,¿`r person_name10` y `r person_name17` se conocen?,,,
mc_vertical answer_below_label,mc si_no,contact143,person >= 18 & !is.na(person_name10) & nzchar(trimws(person_name10)) & !is.na(person_name18) & nzchar(trimws(person_name18)),,¿`r person_name10` y `r person_name18` se conocen?,,,
mc_vertical answer_below_label,mc si_no,contact144,person >= 19 & !is.na(person_name10) & nzchar(trimws(person_name10)) & !is.na(person_name19) & nzchar(trimws(person_name19)),,¿`r person_name10` y `r person_name19` se conocen?,,,
mc_vertical answer_below_label,mc si_no,contact145,person >= 20 & !is.na(person_name10) & nzchar(trimws(person_name10)) & !is.na(person_name20) & nzchar(trimws(person_name20)),,¿`r person_name10` y `r person_name20` se conocen?,,,
mc_vertical answer_below_label,mc si_no,contact146,person >= 12 & !is.na(person_name11) & nzchar(trimws(person_name11)) & !is.na(person_name12) & nzchar(trimws(person_name12)),,¿`r person_name11` y `r person_name12` se conocen?,,,
mc_vertical answer_below_label,mc si_no,contact147,person >= 13 & !is.na(person_name11) & nzchar(trimws(person_name11)) & !is.na(person_name13) & nzchar(trimws(person_name13)),,¿`r person_name11` y `r person_name13` se conocen?,,,
mc_vertical answer_below_label,mc si_no,contact148,person >= 14 & !is.na(person_name11) & nzchar(trimws(person_name11)) & !is.na(person_name14) & nzchar(trimws(person_name14)),,¿`r person_name11` y `r person_name14` se conocen?,,,
mc_vertical answer_below_label,mc si_no,contact149,person >= 15 & !is.na(person_name11) & nzchar(trimws(person_name11)) & !is.na(person_name15) & nzchar(trimws(person_name15)),,¿`r person_name11` y `r person_name15` se conocen?,,,
mc_vertical answer_below_label,mc si_no,contact150,person >= 16 & !is.na(person_name11) & nzchar(trimws(person_name11)) & !is.na(person_name16) & nzchar(trimws(person_name16)),,¿`r person_name11` y `r person_name16` se conocen?,,,
mc_vertical answer_below_label,mc si_no,contact151,person >= 17 & !is.na(person_name11) & nzchar(trimws(person_name11)) & !is.na(person_name17) & nzchar(trimws(person_name17)),,¿`r person_name11` y `r person_name17` se conocen?,,,
mc_vertical answer_below_label,mc si_no,contact152,person >= 18 & !is.na(person_name11) & nzchar(trimws(person_name11)) & !is.na(person_name18) & nzchar(trimws(person_name18)),,¿`r person_name11` y `r person_name18` se conocen?,,,
mc_vertical answer_below_label,mc si_no,contact153,person >= 19 & !is.na(person_name11) & nzchar(trimws(person_name11)) & !is.na(person_name19) & nzchar(trimws(person_name19)),,¿`r person_name11` y `r person_name19` se conocen?,,,
mc_vertical answer_below_label,mc si_no,contact154,person >= 20 & !is.na(person_name11) & nzchar(trimws(person_name11)) & !is.na(person_name20) & nzchar(trimws(person_name20)),,¿`r person_name11` y `r person_name20` se conocen?,,,
mc_vertical answer_below_label,mc si_no,contact155,person >= 13 & !is.na(person_name12) & nzchar(trimws(person_name12)) & !is.na(person_name13) & nzchar(trimws(person_name13)),,¿`r person_name12` y `r person_name13` se conocen?,,,
mc_vertical answer_below_label,mc si_no,contact156,person >= 14 & !is.na(person_name12) & nzchar(trimws(person_name12)) & !is.na(person_name14) & nzchar(trimws(person_name14)),,¿`r person_name12` y `r person_name14` se conocen?,,,
mc_vertical answer_below_label,mc si_no,contact157,person >= 15 & !is.na(person_name12) & nzchar(trimws(person_name12)) & !is.na(person_name15) & nzchar(trimws(person_name15)),,¿`r person_name12` y `r person_name15` se conocen?,,,
mc_vertical answer_below_label,mc si_no,contact158,person >= 16 & !is.na(person_name12) & nzchar(trimws(person_name12)) & !is.na(person_name16) & nzchar(trimws(person_name16)),,¿`r person_name12` y `r person_name16` se conocen?,,,
mc_vertical answer_below_label,mc si_no,contact159,person >= 17 & !is.na(person_name12) & nzchar(trimws(person_name12)) & !is.na(person_name17) & nzchar(trimws(person_name17)),,¿`r person_name12` y `r person_name17` se conocen?,,,
mc_vertical answer_below_label,mc si_no,contact160,person >= 18 & !is.na(person_name12) & nzchar(trimws(person_name12)) & !is.na(person_name18) & nzchar(trimws(person_name18)),,¿`r person_name12` y `r person_name18` se conocen?,,,
mc_vertical answer_below_label,mc si_no,contact161,person >= 19 & !is.na(person_name12) & nzchar(trimws(person_name12)) & !is.na(person_name19) & nzchar(trimws(person_name19)),,¿`r person_name12` y `r person_name19` se conocen?,,,
mc_vertical answer_below_label,mc si_no,contact162,person >= 20 & !is.na(person_name12) & nzchar(trimws(person_name12)) & !is.na(person_name20) & nzchar(trimws(person_name20)),,¿`r person_name12` y `r person_name20` se conocen?,,,
mc_vertical answer_below_label,mc si_no,contact163,person >= 14 & !is.na(person_name13) & nzchar(trimws(person_name13)) & !is.na(person_name14) & nzchar(trimws(person_name14)),,¿`r person_name13` y `r person_name14` se conocen?,,,
mc_vertical answer_below_label,mc si_no,contact164,person >= 15 & !is.na(person_name13) & nzchar(trimws(person_name13)) & !is.na(person_name15) & nzchar(trimws(person_name15)),,¿`r person_name13` y `r person_name15` se conocen?,,,
mc_vertical answer_below_label,mc si_no,contact165,person >= 16 & !is.na(person_name13) & nzchar(trimws(person_name13)) & !is.na(person_name16) & nzchar(trimws(person_name16)),,¿`r person_name13` y `r person_name16` se conocen?,,,
mc_vertical answer_below_label,mc si_no,contact166,person >= 17 & !is.na(person_name13) & nzchar(trimws(person_name13)) & !is.na(person_name17) & nzchar(trimws(person_name17)),,¿`r person_name13` y `r person_name17` se conocen?,,,
mc_vertical answer_below_label,mc si_no,contact167,person >= 18 & !is.na(person_name13) & nzchar(trimws(person_name13)) & !is.na(person_name18) & nzchar(trimws(person_name18)),,¿`r person_name13` y `r person_name18` se conocen?,,,
mc_vertical answer_below_label,mc si_no,contact168,person >= 19 & !is.na(person_name13) & nzchar(trimws(person_name13)) & !is.na(person_name19) & nzchar(trimws(person_name19)),,¿`r person_name13` y `r person_name19` se conocen?,,,
mc_vertical answer_below_label,mc si_no,contact169,person >= 20 & !is.na(person_name13) & nzchar(trimws(person_name13)) & !is.na(person_name20) & nzchar(trimws(person_name20)),,¿`r person_name13` y `r person_name20` se conocen?,,,
mc_vertical answer_below_label,mc si_no,contact170,person >= 15 & !is.na(person_name14) & nzchar(trimws(person_name14)) & !is.na(person_name15) & nzchar(trimws(person_name15)),,¿`r person_name14` y `r person_name15` se conocen?,,,
mc_vertical answer_below_label,mc si_no,contact171,person >= 16 & !is.na(person_name14) & nzchar(trimws(person_name14)) & !is.na(person_name16) & nzchar(trimws(person_name16)),,¿`r person_name14` y `r person_name16` se conocen?,,,
mc_vertical answer_below_label,mc si_no,contact172,person >= 17 & !is.na(person_name14) & nzchar(trimws(person_name14)) & !is.na(person_name17) & nzchar(trimws(person_name17)),,¿`r person_name14` y `r person_name17` se conocen?,,,
mc_vertical answer_below_label,mc si_no,contact173,person >= 18 & !is.na(person_name14) & nzchar(trimws(person_name14)) & !is.na(person_name18) & nzchar(trimws(person_name18)),,¿`r person_name14` y `r person_name18` se conocen?,,,
mc_vertical answer_below_label,mc si_no,contact174,person >= 19 & !is.na(person_name14) & nzchar(trimws(person_name14)) & !is.na(person_name19) & nzchar(trimws(person_name19)),,¿`r person_name14` y `r person_name19` se conocen?,,,
mc_vertical answer_below_label,mc si_no,contact175,person >= 20 & !is.na(person_name14) & nzchar(trimws(person_name14)) & !is.na(person_name20) & nzchar(trimws(person_name20)),,¿`r person_name14` y `r person_name20` se conocen?,,,
mc_vertical answer_below_label,mc si_no,contact176,person >= 16 & !is.na(person_name15) & nzchar(trimws(person_name15)) & !is.na(person_name16) & nzchar(trimws(person_name16)),,¿`r person_name15` y `r person_name16` se conocen?,,,
mc_vertical answer_below_label,mc si_no,contact177,person >= 17 & !is.na(person_name15) & nzchar(trimws(person_name15)) & !is.na(person_name17) & nzchar(trimws(person_name17)),,¿`r person_name15` y `r person_name17` se conocen?,,,
mc_vertical answer_below_label,mc si_no,contact178,person >= 18 & !is.na(person_name15) & nzchar(trimws(person_name15)) & !is.na(person_name18) & nzchar(trimws(person_name18)),,¿`r person_name15` y `r person_name18` se conocen?,,,
mc_vertical answer_below_label,mc si_no,contact179,person >= 19 & !is.na(person_name15) & nzchar(trimws(person_name15)) & !is.na(person_name19) & nzchar(trimws(person_name19)),,¿`r person_name15` y `r person_name19` se conocen?,,,
mc_vertical answer_below_label,mc si_no,contact180,person >= 20 & !is.na(person_name15) & nzchar(trimws(person_name15)) & !is.na(person_name20) & nzchar(trimws(person_name20)),,¿`r person_name15` y `r person_name20` se conocen?,,,
mc_vertical answer_below_label,mc si_no,contact181,person >= 17 & !is.na(person_name16) & nzchar(trimws(person_name16)) & !is.na(person_name17) & nzchar(trimws(person_name17)),,¿`r person_name16` y `r person_name17` se conocen?,,,
mc_vertical answer_below_label,mc si_no,contact182,person >= 18 & !is.na(person_name16) & nzchar(trimws(person_name16)) & !is.na(person_name18) & nzchar(trimws(person_name18)),,¿`r person_name16` y `r person_name18` se conocen?,,,
mc_vertical answer_below_label,mc si_no,contact183,person >= 19 & !is.na(person_name16) & nzchar(trimws(person_name16)) & !is.na(person_name19) & nzchar(trimws(person_name19)),,¿`r person_name16` y `r person_name19` se conocen?,,,
mc_vertical answer_below_label,mc si_no,contact184,person >= 20 & !is.na(person_name16) & nzchar(trimws(person_name16)) & !is.na(person_name20) & nzchar(trimws(person_name20)),,¿`r person_name16` y `r person_name20` se conocen?,,,
mc_vertical answer_below_label,mc si_no,contact185,person >= 18 & !is.na(person_name17) & nzchar(trimws(person_name17)) & !is.na(person_name18) & nzchar(trimws(person_name18)),,¿`r person_name17` y `r person_name18` se conocen?,,,
mc_vertical answer_below_label,mc si_no,contact186,person >= 19 & !is.na(person_name17) & nzchar(trimws(person_name17)) & !is.na(person_name19) & nzchar(trimws(person_name19)),,¿`r person_name17` y `r person_name19` se conocen?,,,
mc_vertical answer_below_label,mc si_no,contact187,person >= 20 & !is.na(person_name17) & nzchar(trimws(person_name17)) & !is.na(person_name20) & nzchar(trimws(person_name20)),,¿`r person_name17` y `r person_name20` se conocen?,,,
mc_vertical answer_below_label,mc si_no,contact188,person >= 19 & !is.na(person_name18) & nzchar(trimws(person_name18)) & !is.na(person_name19) & nzchar(trimws(person_name19)),,¿`r person_name18` y `r person_name19` se conocen?,,,
mc_vertical answer_below_label,mc si_no,contact189,person >= 20 & !is.na(person_name18) & nzchar(trimws(person_name18)) & !is.na(person_name20) & nzchar(trimws(person_name20)),,¿`r person_name18` y `r person_name20` se conocen?,,,
mc_vertical answer_below_label,mc si_no,contact190,person >= 20 & !is.na(person_name19) & nzchar(trimws(person_name19)) & !is.na(person_name20) & nzchar(trimws(person_name20)),,¿`r person_name19` y `r person_name20` se conocen?,,,
left700,submit,submit01_1,,,Continuar,,,
,note,instruction_contact_2,,,"### A continuación, se le presentarán pares de las personas que usted mencionó que se conocen entre sí. Respecto a cada par, por favor indique qué tan cercana considera que es la relación entre ellas.",,,
answer_below_label,"rating_button 0,10,1",fuerza01,contact01==1,,"Usando una escala de 0 a 10, donde 0 es “ninguna cercanía” y 10 es “muy cercana”, ¿qué tan cercana diría que es la relación entre `r person_name01` y `r person_name02`?",,,
answer_below_label,"rating_button 0,10,1",fuerza02,contact02==1,,"Usando una escala de 0 a 10, donde 0 es “ninguna cercanía” y 10 es “muy cercana”, ¿qué tan cercana diría que es la relación entre `r person_name01` y `r person_name03`?",,,
answer_below_label,"rating_button 0,10,1",fuerza03,contact03==1,,"Usando una escala de 0 a 10, donde 0 es “ninguna cercanía” y 10 es “muy cercana”, ¿qué tan cercana diría que es la relación entre `r person_name01` y `r person_name04`?",,,
answer_below_label,"rating_button 0,10,1",fuerza04,contact04==1,,"Usando una escala de 0 a 10, donde 0 es “ninguna cercanía” y 10 es “muy cercana”, ¿qué tan cercana diría que es la relación entre `r person_name01` y `r person_name05`?",,,
answer_below_label,"rating_button 0,10,1",fuerza05,contact05==1,,"Usando una escala de 0 a 10, donde 0 es “ninguna cercanía” y 10 es “muy cercana”, ¿qué tan cercana diría que es la relación entre `r person_name01` y `r person_name06`?",,,
answer_below_label,"rating_button 0,10,1",fuerza06,contact06==1,,"Usando una escala de 0 a 10, donde 0 es “ninguna cercanía” y 10 es “muy cercana”, ¿qué tan cercana diría que es la relación entre `r person_name01` y `r person_name07`?",,,
answer_below_label,"rating_button 0,10,1",fuerza07,contact07==1,,"Usando una escala de 0 a 10, donde 0 es “ninguna cercanía” y 10 es “muy cercana”, ¿qué tan cercana diría que es la relación entre `r person_name01` y `r person_name08`?",,,
answer_below_label,"rating_button 0,10,1",fuerza08,contact08==1,,"Usando una escala de 0 a 10, donde 0 es “ninguna cercanía” y 10 es “muy cercana”, ¿qué tan cercana diría que es la relación entre `r person_name01` y `r person_name09`?",,,
answer_below_label,"rating_button 0,10,1",fuerza09,contact09==1,,"Usando una escala de 0 a 10, donde 0 es “ninguna cercanía” y 10 es “muy cercana”, ¿qué tan cercana diría que es la relación entre `r person_name02` y `r person_name03`?",,,
answer_below_label,"rating_button 0,10,1",fuerza10,contact10==1,,"Usando una escala de 0 a 10, donde 0 es “ninguna cercanía” y 10 es “muy cercana”, ¿qué tan cercana diría que es la relación entre `r person_name02` y `r person_name04`?",,,
answer_below_label,"rating_button 0,10,1",fuerza11,contact11==1,,"Usando una escala de 0 a 10, donde 0 es “ninguna cercanía” y 10 es “muy cercana”, ¿qué tan cercana diría que es la relación entre `r person_name02` y `r person_name05`?",,,
answer_below_label,"rating_button 0,10,1",fuerza12,contact12==1,,"Usando una escala de 0 a 10, donde 0 es “ninguna cercanía” y 10 es “muy cercana”, ¿qué tan cercana diría que es la relación entre `r person_name02` y `r person_name06`?",,,
answer_below_label,"rating_button 0,10,1",fuerza13,contact13==1,,"Usando una escala de 0 a 10, donde 0 es “ninguna cercanía” y 10 es “muy cercana”, ¿qué tan cercana diría que es la relación entre `r person_name02` y `r person_name07`?",,,
answer_below_label,"rating_button 0,10,1",fuerza14,contact14==1,,"Usando una escala de 0 a 10, donde 0 es “ninguna cercanía” y 10 es “muy cercana”, ¿qué tan cercana diría que es la relación entre `r person_name02` y `r person_name08`?",,,
answer_below_label,"rating_button 0,10,1",fuerza15,contact15==1,,"Usando una escala de 0 a 10, donde 0 es “ninguna cercanía” y 10 es “muy cercana”, ¿qué tan cercana diría que es la relación entre `r person_name02` y `r person_name09`?",,,
answer_below_label,"rating_button 0,10,1",fuerza16,contact16==1,,"Usando una escala de 0 a 10, donde 0 es “ninguna cercanía” y 10 es “muy cercana”, ¿qué tan cercana diría que es la relación entre `r person_name03` y `r person_name04`?",,,
answer_below_label,"rating_button 0,10,1",fuerza17,contact17==1,,"Usando una escala de 0 a 10, donde 0 es “ninguna cercanía” y 10 es “muy cercana”, ¿qué tan cercana diría que es la relación entre `r person_name03` y `r person_name05`?",,,
answer_below_label,"rating_button 0,10,1",fuerza18,contact18==1,,"Usando una escala de 0 a 10, donde 0 es “ninguna cercanía” y 10 es “muy cercana”, ¿qué tan cercana diría que es la relación entre `r person_name03` y `r person_name06`?",,,
answer_below_label,"rating_button 0,10,1",fuerza19,contact19==1,,"Usando una escala de 0 a 10, donde 0 es “ninguna cercanía” y 10 es “muy cercana”, ¿qué tan cercana diría que es la relación entre `r person_name03` y `r person_name07`?",,,
answer_below_label,"rating_button 0,10,1",fuerza20,contact20==1,,"Usando una escala de 0 a 10, donde 0 es “ninguna cercanía” y 10 es “muy cercana”, ¿qué tan cercana diría que es la relación entre `r person_name03` y `r person_name08`?",,,
answer_below_label,"rating_button 0,10,1",fuerza21,contact21==1,,"Usando una escala de 0 a 10, donde 0 es “ninguna cercanía” y 10 es “muy cercana”, ¿qué tan cercana diría que es la relación entre `r person_name03` y `r person_name09`?",,,
answer_below_label,"rating_button 0,10,1",fuerza22,contact22==1,,"Usando una escala de 0 a 10, donde 0 es “ninguna cercanía” y 10 es “muy cercana”, ¿qué tan cercana diría que es la relación entre `r person_name04` y `r person_name05`?",,,
answer_below_label,"rating_button 0,10,1",fuerza23,contact23==1,,"Usando una escala de 0 a 10, donde 0 es “ninguna cercanía” y 10 es “muy cercana”, ¿qué tan cercana diría que es la relación entre `r person_name04` y `r person_name06`?",,,
answer_below_label,"rating_button 0,10,1",fuerza24,contact24==1,,"Usando una escala de 0 a 10, donde 0 es “ninguna cercanía” y 10 es “muy cercana”, ¿qué tan cercana diría que es la relación entre `r person_name04` y `r person_name07`?",,,
answer_below_label,"rating_button 0,10,1",fuerza25,contact25==1,,"Usando una escala de 0 a 10, donde 0 es “ninguna cercanía” y 10 es “muy cercana”, ¿qué tan cercana diría que es la relación entre `r person_name04` y `r person_name08`?",,,
answer_below_label,"rating_button 0,10,1",fuerza26,contact26==1,,"Usando una escala de 0 a 10, donde 0 es “ninguna cercanía” y 10 es “muy cercana”, ¿qué tan cercana diría que es la relación entre `r person_name04` y `r person_name09`?",,,
answer_below_label,"rating_button 0,10,1",fuerza27,contact27==1,,"Usando una escala de 0 a 10, donde 0 es “ninguna cercanía” y 10 es “muy cercana”, ¿qué tan cercana diría que es la relación entre `r person_name05` y `r person_name06`?",,,
answer_below_label,"rating_button 0,10,1",fuerza28,contact28==1,,"Usando una escala de 0 a 10, donde 0 es “ninguna cercanía” y 10 es “muy cercana”, ¿qué tan cercana diría que es la relación entre `r person_name05` y `r person_name07`?",,,
answer_below_label,"rating_button 0,10,1",fuerza29,contact29==1,,"Usando una escala de 0 a 10, donde 0 es “ninguna cercanía” y 10 es “muy cercana”, ¿qué tan cercana diría que es la relación entre `r person_name05` y `r person_name08`?",,,
answer_below_label,"rating_button 0,10,1",fuerza30,contact30==1,,"Usando una escala de 0 a 10, donde 0 es “ninguna cercanía” y 10 es “muy cercana”, ¿qué tan cercana diría que es la relación entre `r person_name05` y `r person_name09`?",,,
answer_below_label,"rating_button 0,10,1",fuerza31,contact31==1,,"Usando una escala de 0 a 10, donde 0 es “ninguna cercanía” y 10 es “muy cercana”, ¿qué tan cercana diría que es la relación entre `r person_name06` y `r person_name07`?",,,
answer_below_label,"rating_button 0,10,1",fuerza32,contact32==1,,"Usando una escala de 0 a 10, donde 0 es “ninguna cercanía” y 10 es “muy cercana”, ¿qué tan cercana diría que es la relación entre `r person_name06` y `r person_name08`?",,,
answer_below_label,"rating_button 0,10,1",fuerza33,contact33==1,,"Usando una escala de 0 a 10, donde 0 es “ninguna cercanía” y 10 es “muy cercana”, ¿qué tan cercana diría que es la relación entre `r person_name06` y `r person_name09`?",,,
answer_below_label,"rating_button 0,10,1",fuerza34,contact34==1,,"Usando una escala de 0 a 10, donde 0 es “ninguna cercanía” y 10 es “muy cercana”, ¿qué tan cercana diría que es la relación entre `r person_name07` y `r person_name08`?",,,
answer_below_label,"rating_button 0,10,1",fuerza35,contact35==1,,"Usando una escala de 0 a 10, donde 0 es “ninguna cercanía” y 10 es “muy cercana”, ¿qué tan cercana diría que es la relación entre `r person_name07` y `r person_name09`?",,,
answer_below_label,"rating_button 0,10,1",fuerza36,contact36==1,,"Usando una escala de 0 a 10, donde 0 es “ninguna cercanía” y 10 es “muy cercana”, ¿qué tan cercana diría que es la relación entre `r person_name08` y `r person_name09`?",,,
answer_below_label,"rating_button 0,10,1",fuerza37,contact37==1,,"Usando una escala de 0 a 10, donde 0 es “ninguna cercanía” y 10 es “muy cercana”, ¿qué tan cercana diría que es la relación entre `r person_name01` y `r person_name10`?",,,
answer_below_label,"rating_button 0,10,1",fuerza38,contact38==1,,"Usando una escala de 0 a 10, donde 0 es “ninguna cercanía” y 10 es “muy cercana”, ¿qué tan cercana diría que es la relación entre `r person_name01` y `r person_name11`?",,,
answer_below_label,"rating_button 0,10,1",fuerza39,contact39==1,,"Usando una escala de 0 a 10, donde 0 es “ninguna cercanía” y 10 es “muy cercana”, ¿qué tan cercana diría que es la relación entre `r person_name01` y `r person_name12`?",,,
answer_below_label,"rating_button 0,10,1",fuerza40,contact40==1,,"Usando una escala de 0 a 10, donde 0 es “ninguna cercanía” y 10 es “muy cercana”, ¿qué tan cercana diría que es la relación entre `r person_name01` y `r person_name13`?",,,
answer_below_label,"rating_button 0,10,1",fuerza41,contact41==1,,"Usando una escala de 0 a 10, donde 0 es “ninguna cercanía” y 10 es “muy cercana”, ¿qué tan cercana diría que es la relación entre `r person_name01` y `r person_name14`?",,,
answer_below_label,"rating_button 0,10,1",fuerza42,contact42==1,,"Usando una escala de 0 a 10, donde 0 es “ninguna cercanía” y 10 es “muy cercana”, ¿qué tan cercana diría que es la relación entre `r person_name01` y `r person_name15`?",,,
answer_below_label,"rating_button 0,10,1",fuerza43,contact43==1,,"Usando una escala de 0 a 10, donde 0 es “ninguna cercanía” y 10 es “muy cercana”, ¿qué tan cercana diría que es la relación entre `r person_name01` y `r person_name16`?",,,
answer_below_label,"rating_button 0,10,1",fuerza44,contact44==1,,"Usando una escala de 0 a 10, donde 0 es “ninguna cercanía” y 10 es “muy cercana”, ¿qué tan cercana diría que es la relación entre `r person_name01` y `r person_name17`?",,,
answer_below_label,"rating_button 0,10,1",fuerza45,contact45==1,,"Usando una escala de 0 a 10, donde 0 es “ninguna cercanía” y 10 es “muy cercana”, ¿qué tan cercana diría que es la relación entre `r person_name01` y `r person_name18`?",,,
answer_below_label,"rating_button 0,10,1",fuerza46,contact46==1,,"Usando una escala de 0 a 10, donde 0 es “ninguna cercanía” y 10 es “muy cercana”, ¿qué tan cercana diría que es la relación entre `r person_name01` y `r person_name19`?",,,
answer_below_label,"rating_button 0,10,1",fuerza47,contact47==1,,"Usando una escala de 0 a 10, donde 0 es “ninguna cercanía” y 10 es “muy cercana”, ¿qué tan cercana diría que es la relación entre `r person_name01` y `r person_name20`?",,,
answer_below_label,"rating_button 0,10,1",fuerza48,contact48==1,,"Usando una escala de 0 a 10, donde 0 es “ninguna cercanía” y 10 es “muy cercana”, ¿qué tan cercana diría que es la relación entre `r person_name02` y `r person_name10`?",,,
answer_below_label,"rating_button 0,10,1",fuerza49,contact49==1,,"Usando una escala de 0 a 10, donde 0 es “ninguna cercanía” y 10 es “muy cercana”, ¿qué tan cercana diría que es la relación entre `r person_name02` y `r person_name11`?",,,
answer_below_label,"rating_button 0,10,1",fuerza50,contact50==1,,"Usando una escala de 0 a 10, donde 0 es “ninguna cercanía” y 10 es “muy cercana”, ¿qué tan cercana diría que es la relación entre `r person_name02` y `r person_name12`?",,,
answer_below_label,"rating_button 0,10,1",fuerza51,contact51==1,,"Usando una escala de 0 a 10, donde 0 es “ninguna cercanía” y 10 es “muy cercana”, ¿qué tan cercana diría que es la relación entre `r person_name02` y `r person_name13`?",,,
answer_below_label,"rating_button 0,10,1",fuerza52,contact52==1,,"Usando una escala de 0 a 10, donde 0 es “ninguna cercanía” y 10 es “muy cercana”, ¿qué tan cercana diría que es la relación entre `r person_name02` y `r person_name14`?",,,
answer_below_label,"rating_button 0,10,1",fuerza53,contact53==1,,"Usando una escala de 0 a 10, donde 0 es “ninguna cercanía” y 10 es “muy cercana”, ¿qué tan cercana diría que es la relación entre `r person_name02` y `r person_name15`?",,,
answer_below_label,"rating_button 0,10,1",fuerza54,contact54==1,,"Usando una escala de 0 a 10, donde 0 es “ninguna cercanía” y 10 es “muy cercana”, ¿qué tan cercana diría que es la relación entre `r person_name02` y `r person_name16`?",,,
answer_below_label,"rating_button 0,10,1",fuerza55,contact55==1,,"Usando una escala de 0 a 10, donde 0 es “ninguna cercanía” y 10 es “muy cercana”, ¿qué tan cercana diría que es la relación entre `r person_name02` y `r person_name17`?",,,
answer_below_label,"rating_button 0,10,1",fuerza56,contact56==1,,"Usando una escala de 0 a 10, donde 0 es “ninguna cercanía” y 10 es “muy cercana”, ¿qué tan cercana diría que es la relación entre `r person_name02` y `r person_name18`?",,,
answer_below_label,"rating_button 0,10,1",fuerza57,contact57==1,,"Usando una escala de 0 a 10, donde 0 es “ninguna cercanía” y 10 es “muy cercana”, ¿qué tan cercana diría que es la relación entre `r person_name02` y `r person_name19`?",,,
answer_below_label,"rating_button 0,10,1",fuerza58,contact58==1,,"Usando una escala de 0 a 10, donde 0 es “ninguna cercanía” y 10 es “muy cercana”, ¿qué tan cercana diría que es la relación entre `r person_name02` y `r person_name20`?",,,
answer_below_label,"rating_button 0,10,1",fuerza59,contact59==1,,"Usando una escala de 0 a 10, donde 0 es “ninguna cercanía” y 10 es “muy cercana”, ¿qué tan cercana diría que es la relación entre `r person_name03` y `r person_name10`?",,,
answer_below_label,"rating_button 0,10,1",fuerza60,contact60==1,,"Usando una escala de 0 a 10, donde 0 es “ninguna cercanía” y 10 es “muy cercana”, ¿qué tan cercana diría que es la relación entre `r person_name03` y `r person_name11`?",,,
answer_below_label,"rating_button 0,10,1",fuerza61,contact61==1,,"Usando una escala de 0 a 10, donde 0 es “ninguna cercanía” y 10 es “muy cercana”, ¿qué tan cercana diría que es la relación entre `r person_name03` y `r person_name12`?",,,
answer_below_label,"rating_button 0,10,1",fuerza62,contact62==1,,"Usando una escala de 0 a 10, donde 0 es “ninguna cercanía” y 10 es “muy cercana”, ¿qué tan cercana diría que es la relación entre `r person_name03` y `r person_name13`?",,,
answer_below_label,"rating_button 0,10,1",fuerza63,contact63==1,,"Usando una escala de 0 a 10, donde 0 es “ninguna cercanía” y 10 es “muy cercana”, ¿qué tan cercana diría que es la relación entre `r person_name03` y `r person_name14`?",,,
answer_below_label,"rating_button 0,10,1",fuerza64,contact64==1,,"Usando una escala de 0 a 10, donde 0 es “ninguna cercanía” y 10 es “muy cercana”, ¿qué tan cercana diría que es la relación entre `r person_name03` y `r person_name15`?",,,
answer_below_label,"rating_button 0,10,1",fuerza65,contact65==1,,"Usando una escala de 0 a 10, donde 0 es “ninguna cercanía” y 10 es “muy cercana”, ¿qué tan cercana diría que es la relación entre `r person_name03` y `r person_name16`?",,,
answer_below_label,"rating_button 0,10,1",fuerza66,contact66==1,,"Usando una escala de 0 a 10, donde 0 es “ninguna cercanía” y 10 es “muy cercana”, ¿qué tan cercana diría que es la relación entre `r person_name03` y `r person_name17`?",,,
answer_below_label,"rating_button 0,10,1",fuerza67,contact67==1,,"Usando una escala de 0 a 10, donde 0 es “ninguna cercanía” y 10 es “muy cercana”, ¿qué tan cercana diría que es la relación entre `r person_name03` y `r person_name18`?",,,
answer_below_label,"rating_button 0,10,1",fuerza68,contact68==1,,"Usando una escala de 0 a 10, donde 0 es “ninguna cercanía” y 10 es “muy cercana”, ¿qué tan cercana diría que es la relación entre `r person_name03` y `r person_name19`?",,,
answer_below_label,"rating_button 0,10,1",fuerza69,contact69==1,,"Usando una escala de 0 a 10, donde 0 es “ninguna cercanía” y 10 es “muy cercana”, ¿qué tan cercana diría que es la relación entre `r person_name03` y `r person_name20`?",,,
answer_below_label,"rating_button 0,10,1",fuerza70,contact70==1,,"Usando una escala de 0 a 10, donde 0 es “ninguna cercanía” y 10 es “muy cercana”, ¿qué tan cercana diría que es la relación entre `r person_name04` y `r person_name10`?",,,
answer_below_label,"rating_button 0,10,1",fuerza71,contact71==1,,"Usando una escala de 0 a 10, donde 0 es “ninguna cercanía” y 10 es “muy cercana”, ¿qué tan cercana diría que es la relación entre `r person_name04` y `r person_name11`?",,,
answer_below_label,"rating_button 0,10,1",fuerza72,contact72==1,,"Usando una escala de 0 a 10, donde 0 es “ninguna cercanía” y 10 es “muy cercana”, ¿qué tan cercana diría que es la relación entre `r person_name04` y `r person_name12`?",,,
answer_below_label,"rating_button 0,10,1",fuerza73,contact73==1,,"Usando una escala de 0 a 10, donde 0 es “ninguna cercanía” y 10 es “muy cercana”, ¿qué tan cercana diría que es la relación entre `r person_name04` y `r person_name13`?",,,
answer_below_label,"rating_button 0,10,1",fuerza74,contact74==1,,"Usando una escala de 0 a 10, donde 0 es “ninguna cercanía” y 10 es “muy cercana”, ¿qué tan cercana diría que es la relación entre `r person_name04` y `r person_name14`?",,,
answer_below_label,"rating_button 0,10,1",fuerza75,contact75==1,,"Usando una escala de 0 a 10, donde 0 es “ninguna cercanía” y 10 es “muy cercana”, ¿qué tan cercana diría que es la relación entre `r person_name04` y `r person_name15`?",,,
answer_below_label,"rating_button 0,10,1",fuerza76,contact76==1,,"Usando una escala de 0 a 10, donde 0 es “ninguna cercanía” y 10 es “muy cercana”, ¿qué tan cercana diría que es la relación entre `r person_name04` y `r person_name16`?",,,
answer_below_label,"rating_button 0,10,1",fuerza77,contact77==1,,"Usando una escala de 0 a 10, donde 0 es “ninguna cercanía” y 10 es “muy cercana”, ¿qué tan cercana diría que es la relación entre `r person_name04` y `r person_name17`?",,,
answer_below_label,"rating_button 0,10,1",fuerza78,contact78==1,,"Usando una escala de 0 a 10, donde 0 es “ninguna cercanía” y 10 es “muy cercana”, ¿qué tan cercana diría que es la relación entre `r person_name04` y `r person_name18`?",,,
answer_below_label,"rating_button 0,10,1",fuerza79,contact79==1,,"Usando una escala de 0 a 10, donde 0 es “ninguna cercanía” y 10 es “muy cercana”, ¿qué tan cercana diría que es la relación entre `r person_name04` y `r person_name19`?",,,
answer_below_label,"rating_button 0,10,1",fuerza80,contact80==1,,"Usando una escala de 0 a 10, donde 0 es “ninguna cercanía” y 10 es “muy cercana”, ¿qué tan cercana diría que es la relación entre `r person_name04` y `r person_name20`?",,,
answer_below_label,"rating_button 0,10,1",fuerza81,contact81==1,,"Usando una escala de 0 a 10, donde 0 es “ninguna cercanía” y 10 es “muy cercana”, ¿qué tan cercana diría que es la relación entre `r person_name05` y `r person_name10`?",,,
answer_below_label,"rating_button 0,10,1",fuerza82,contact82==1,,"Usando una escala de 0 a 10, donde 0 es “ninguna cercanía” y 10 es “muy cercana”, ¿qué tan cercana diría que es la relación entre `r person_name05` y `r person_name11`?",,,
answer_below_label,"rating_button 0,10,1",fuerza83,contact83==1,,"Usando una escala de 0 a 10, donde 0 es “ninguna cercanía” y 10 es “muy cercana”, ¿qué tan cercana diría que es la relación entre `r person_name05` y `r person_name12`?",,,
answer_below_label,"rating_button 0,10,1",fuerza84,contact84==1,,"Usando una escala de 0 a 10, donde 0 es “ninguna cercanía” y 10 es “muy cercana”, ¿qué tan cercana diría que es la relación entre `r person_name05` y `r person_name13`?",,,
answer_below_label,"rating_button 0,10,1",fuerza85,contact85==1,,"Usando una escala de 0 a 10, donde 0 es “ninguna cercanía” y 10 es “muy cercana”, ¿qué tan cercana diría que es la relación entre `r person_name05` y `r person_name14`?",,,
answer_below_label,"rating_button 0,10,1",fuerza86,contact86==1,,"Usando una escala de 0 a 10, donde 0 es “ninguna cercanía” y 10 es “muy cercana”, ¿qué tan cercana diría que es la relación entre `r person_name05` y `r person_name15`?",,,
answer_below_label,"rating_button 0,10,1",fuerza87,contact87==1,,"Usando una escala de 0 a 10, donde 0 es “ninguna cercanía” y 10 es “muy cercana”, ¿qué tan cercana diría que es la relación entre `r person_name05` y `r person_name16`?",,,
answer_below_label,"rating_button 0,10,1",fuerza88,contact88==1,,"Usando una escala de 0 a 10, donde 0 es “ninguna cercanía” y 10 es “muy cercana”, ¿qué tan cercana diría que es la relación entre `r person_name05` y `r person_name17`?",,,
answer_below_label,"rating_button 0,10,1",fuerza89,contact89==1,,"Usando una escala de 0 a 10, donde 0 es “ninguna cercanía” y 10 es “muy cercana”, ¿qué tan cercana diría que es la relación entre `r person_name05` y `r person_name18`?",,,
answer_below_label,"rating_button 0,10,1",fuerza90,contact90==1,,"Usando una escala de 0 a 10, donde 0 es “ninguna cercanía” y 10 es “muy cercana”, ¿qué tan cercana diría que es la relación entre `r person_name05` y `r person_name19`?",,,
answer_below_label,"rating_button 0,10,1",fuerza91,contact91==1,,"Usando una escala de 0 a 10, donde 0 es “ninguna cercanía” y 10 es “muy cercana”, ¿qué tan cercana diría que es la relación entre `r person_name05` y `r person_name20`?",,,
answer_below_label,"rating_button 0,10,1",fuerza92,contact92==1,,"Usando una escala de 0 a 10, donde 0 es “ninguna cercanía” y 10 es “muy cercana”, ¿qué tan cercana diría que es la relación entre `r person_name06` y `r person_name10`?",,,
answer_below_label,"rating_button 0,10,1",fuerza93,contact93==1,,"Usando una escala de 0 a 10, donde 0 es “ninguna cercanía” y 10 es “muy cercana”, ¿qué tan cercana diría que es la relación entre `r person_name06` y `r person_name11`?",,,
answer_below_label,"rating_button 0,10,1",fuerza94,contact94==1,,"Usando una escala de 0 a 10, donde 0 es “ninguna cercanía” y 10 es “muy cercana”, ¿qué tan cercana diría que es la relación entre `r person_name06` y `r person_name12`?",,,
answer_below_label,"rating_button 0,10,1",fuerza95,contact95==1,,"Usando una escala de 0 a 10, donde 0 es “ninguna cercanía” y 10 es “muy cercana”, ¿qué tan cercana diría que es la relación entre `r person_name06` y `r person_name13`?",,,
answer_below_label,"rating_button 0,10,1",fuerza96,contact96==1,,"Usando una escala de 0 a 10, donde 0 es “ninguna cercanía” y 10 es “muy cercana”, ¿qué tan cercana diría que es la relación entre `r person_name06` y `r person_name14`?",,,
answer_below_label,"rating_button 0,10,1",fuerza97,contact97==1,,"Usando una escala de 0 a 10, donde 0 es “ninguna cercanía” y 10 es “muy cercana”, ¿qué tan cercana diría que es la relación entre `r person_name06` y `r person_name15`?",,,
answer_below_label,"rating_button 0,10,1",fuerza98,contact98==1,,"Usando una escala de 0 a 10, donde 0 es “ninguna cercanía” y 10 es “muy cercana”, ¿qué tan cercana diría que es la relación entre `r person_name06` y `r person_name16`?",,,
answer_below_label,"rating_button 0,10,1",fuerza99,contact99==1,,"Usando una escala de 0 a 10, donde 0 es “ninguna cercanía” y 10 es “muy cercana”, ¿qué tan cercana diría que es la relación entre `r person_name06` y `r person_name17`?",,,
answer_below_label,"rating_button 0,10,1",fuerza100,contact100==1,,"Usando una escala de 0 a 10, donde 0 es “ninguna cercanía” y 10 es “muy cercana”, ¿qué tan cercana diría que es la relación entre `r person_name06` y `r person_name18`?",,,
answer_below_label,"rating_button 0,10,1",fuerza101,contact101==1,,"Usando una escala de 0 a 10, donde 0 es “ninguna cercanía” y 10 es “muy cercana”, ¿qué tan cercana diría que es la relación entre `r person_name06` y `r person_name19`?",,,
answer_below_label,"rating_button 0,10,1",fuerza102,contact102==1,,"Usando una escala de 0 a 10, donde 0 es “ninguna cercanía” y 10 es “muy cercana”, ¿qué tan cercana diría que es la relación entre `r person_name06` y `r person_name20`?",,,
answer_below_label,"rating_button 0,10,1",fuerza103,contact103==1,,"Usando una escala de 0 a 10, donde 0 es “ninguna cercanía” y 10 es “muy cercana”, ¿qué tan cercana diría que es la relación entre `r person_name07` y `r person_name10`?",,,
answer_below_label,"rating_button 0,10,1",fuerza104,contact104==1,,"Usando una escala de 0 a 10, donde 0 es “ninguna cercanía” y 10 es “muy cercana”, ¿qué tan cercana diría que es la relación entre `r person_name07` y `r person_name11`?",,,
answer_below_label,"rating_button 0,10,1",fuerza105,contact105==1,,"Usando una escala de 0 a 10, donde 0 es “ninguna cercanía” y 10 es “muy cercana”, ¿qué tan cercana diría que es la relación entre `r person_name07` y `r person_name12`?",,,
answer_below_label,"rating_button 0,10,1",fuerza106,contact106==1,,"Usando una escala de 0 a 10, donde 0 es “ninguna cercanía” y 10 es “muy cercana”, ¿qué tan cercana diría que es la relación entre `r person_name07` y `r person_name13`?",,,
answer_below_label,"rating_button 0,10,1",fuerza107,contact107==1,,"Usando una escala de 0 a 10, donde 0 es “ninguna cercanía” y 10 es “muy cercana”, ¿qué tan cercana diría que es la relación entre `r person_name07` y `r person_name14`?",,,
answer_below_label,"rating_button 0,10,1",fuerza108,contact108==1,,"Usando una escala de 0 a 10, donde 0 es “ninguna cercanía” y 10 es “muy cercana”, ¿qué tan cercana diría que es la relación entre `r person_name07` y `r person_name15`?",,,
answer_below_label,"rating_button 0,10,1",fuerza109,contact109==1,,"Usando una escala de 0 a 10, donde 0 es “ninguna cercanía” y 10 es “muy cercana”, ¿qué tan cercana diría que es la relación entre `r person_name07` y `r person_name16`?",,,
answer_below_label,"rating_button 0,10,1",fuerza110,contact110==1,,"Usando una escala de 0 a 10, donde 0 es “ninguna cercanía” y 10 es “muy cercana”, ¿qué tan cercana diría que es la relación entre `r person_name07` y `r person_name17`?",,,
answer_below_label,"rating_button 0,10,1",fuerza111,contact111==1,,"Usando una escala de 0 a 10, donde 0 es “ninguna cercanía” y 10 es “muy cercana”, ¿qué tan cercana diría que es la relación entre `r person_name07` y `r person_name18`?",,,
answer_below_label,"rating_button 0,10,1",fuerza112,contact112==1,,"Usando una escala de 0 a 10, donde 0 es “ninguna cercanía” y 10 es “muy cercana”, ¿qué tan cercana diría que es la relación entre `r person_name07` y `r person_name19`?",,,
answer_below_label,"rating_button 0,10,1",fuerza113,contact113==1,,"Usando una escala de 0 a 10, donde 0 es “ninguna cercanía” y 10 es “muy cercana”, ¿qué tan cercana diría que es la relación entre `r person_name07` y `r person_name20`?",,,
answer_below_label,"rating_button 0,10,1",fuerza114,contact114==1,,"Usando una escala de 0 a 10, donde 0 es “ninguna cercanía” y 10 es “muy cercana”, ¿qué tan cercana diría que es la relación entre `r person_name08` y `r person_name10`?",,,
answer_below_label,"rating_button 0,10,1",fuerza115,contact115==1,,"Usando una escala de 0 a 10, donde 0 es “ninguna cercanía” y 10 es “muy cercana”, ¿qué tan cercana diría que es la relación entre `r person_name08` y `r person_name11`?",,,
answer_below_label,"rating_button 0,10,1",fuerza116,contact116==1,,"Usando una escala de 0 a 10, donde 0 es “ninguna cercanía” y 10 es “muy cercana”, ¿qué tan cercana diría que es la relación entre `r person_name08` y `r person_name12`?",,,
answer_below_label,"rating_button 0,10,1",fuerza117,contact117==1,,"Usando una escala de 0 a 10, donde 0 es “ninguna cercanía” y 10 es “muy cercana”, ¿qué tan cercana diría que es la relación entre `r person_name08` y `r person_name13`?",,,
answer_below_label,"rating_button 0,10,1",fuerza118,contact118==1,,"Usando una escala de 0 a 10, donde 0 es “ninguna cercanía” y 10 es “muy cercana”, ¿qué tan cercana diría que es la relación entre `r person_name08` y `r person_name14`?",,,
answer_below_label,"rating_button 0,10,1",fuerza119,contact119==1,,"Usando una escala de 0 a 10, donde 0 es “ninguna cercanía” y 10 es “muy cercana”, ¿qué tan cercana diría que es la relación entre `r person_name08` y `r person_name15`?",,,
answer_below_label,"rating_button 0,10,1",fuerza120,contact120==1,,"Usando una escala de 0 a 10, donde 0 es “ninguna cercanía” y 10 es “muy cercana”, ¿qué tan cercana diría que es la relación entre `r person_name08` y `r person_name16`?",,,
answer_below_label,"rating_button 0,10,1",fuerza121,contact121==1,,"Usando una escala de 0 a 10, donde 0 es “ninguna cercanía” y 10 es “muy cercana”, ¿qué tan cercana diría que es la relación entre `r person_name08` y `r person_name17`?",,,
answer_below_label,"rating_button 0,10,1",fuerza122,contact122==1,,"Usando una escala de 0 a 10, donde 0 es “ninguna cercanía” y 10 es “muy cercana”, ¿qué tan cercana diría que es la relación entre `r person_name08` y `r person_name18`?",,,
answer_below_label,"rating_button 0,10,1",fuerza123,contact123==1,,"Usando una escala de 0 a 10, donde 0 es “ninguna cercanía” y 10 es “muy cercana”, ¿qué tan cercana diría que es la relación entre `r person_name08` y `r person_name19`?",,,
answer_below_label,"rating_button 0,10,1",fuerza124,contact124==1,,"Usando una escala de 0 a 10, donde 0 es “ninguna cercanía” y 10 es “muy cercana”, ¿qué tan cercana diría que es la relación entre `r person_name08` y `r person_name20`?",,,
answer_below_label,"rating_button 0,10,1",fuerza125,contact125==1,,"Usando una escala de 0 a 10, donde 0 es “ninguna cercanía” y 10 es “muy cercana”, ¿qué tan cercana diría que es la relación entre `r person_name09` y `r person_name10`?",,,
answer_below_label,"rating_button 0,10,1",fuerza126,contact126==1,,"Usando una escala de 0 a 10, donde 0 es “ninguna cercanía” y 10 es “muy cercana”, ¿qué tan cercana diría que es la relación entre `r person_name09` y `r person_name11`?",,,
answer_below_label,"rating_button 0,10,1",fuerza127,contact127==1,,"Usando una escala de 0 a 10, donde 0 es “ninguna cercanía” y 10 es “muy cercana”, ¿qué tan cercana diría que es la relación entre `r person_name09` y `r person_name12`?",,,
answer_below_label,"rating_button 0,10,1",fuerza128,contact128==1,,"Usando una escala de 0 a 10, donde 0 es “ninguna cercanía” y 10 es “muy cercana”, ¿qué tan cercana diría que es la relación entre `r person_name09` y `r person_name13`?",,,
answer_below_label,"rating_button 0,10,1",fuerza129,contact129==1,,"Usando una escala de 0 a 10, donde 0 es “ninguna cercanía” y 10 es “muy cercana”, ¿qué tan cercana diría que es la relación entre `r person_name09` y `r person_name14`?",,,
answer_below_label,"rating_button 0,10,1",fuerza130,contact130==1,,"Usando una escala de 0 a 10, donde 0 es “ninguna cercanía” y 10 es “muy cercana”, ¿qué tan cercana diría que es la relación entre `r person_name09` y `r person_name15`?",,,
answer_below_label,"rating_button 0,10,1",fuerza131,contact131==1,,"Usando una escala de 0 a 10, donde 0 es “ninguna cercanía” y 10 es “muy cercana”, ¿qué tan cercana diría que es la relación entre `r person_name09` y `r person_name16`?",,,
answer_below_label,"rating_button 0,10,1",fuerza132,contact132==1,,"Usando una escala de 0 a 10, donde 0 es “ninguna cercanía” y 10 es “muy cercana”, ¿qué tan cercana diría que es la relación entre `r person_name09` y `r person_name17`?",,,
answer_below_label,"rating_button 0,10,1",fuerza133,contact133==1,,"Usando una escala de 0 a 10, donde 0 es “ninguna cercanía” y 10 es “muy cercana”, ¿qué tan cercana diría que es la relación entre `r person_name09` y `r person_name18`?",,,
answer_below_label,"rating_button 0,10,1",fuerza134,contact134==1,,"Usando una escala de 0 a 10, donde 0 es “ninguna cercanía” y 10 es “muy cercana”, ¿qué tan cercana diría que es la relación entre `r person_name09` y `r person_name19`?",,,
answer_below_label,"rating_button 0,10,1",fuerza135,contact135==1,,"Usando una escala de 0 a 10, donde 0 es “ninguna cercanía” y 10 es “muy cercana”, ¿qué tan cercana diría que es la relación entre `r person_name09` y `r person_name20`?",,,
answer_below_label,"rating_button 0,10,1",fuerza136,contact136==1,,"Usando una escala de 0 a 10, donde 0 es “ninguna cercanía” y 10 es “muy cercana”, ¿qué tan cercana diría que es la relación entre `r person_name10` y `r person_name11`?",,,
answer_below_label,"rating_button 0,10,1",fuerza137,contact137==1,,"Usando una escala de 0 a 10, donde 0 es “ninguna cercanía” y 10 es “muy cercana”, ¿qué tan cercana diría que es la relación entre `r person_name10` y `r person_name12`?",,,
answer_below_label,"rating_button 0,10,1",fuerza138,contact138==1,,"Usando una escala de 0 a 10, donde 0 es “ninguna cercanía” y 10 es “muy cercana”, ¿qué tan cercana diría que es la relación entre `r person_name10` y `r person_name13`?",,,
answer_below_label,"rating_button 0,10,1",fuerza139,contact139==1,,"Usando una escala de 0 a 10, donde 0 es “ninguna cercanía” y 10 es “muy cercana”, ¿qué tan cercana diría que es la relación entre `r person_name10` y `r person_name14`?",,,
answer_below_label,"rating_button 0,10,1",fuerza140,contact140==1,,"Usando una escala de 0 a 10, donde 0 es “ninguna cercanía” y 10 es “muy cercana”, ¿qué tan cercana diría que es la relación entre `r person_name10` y `r person_name15`?",,,
answer_below_label,"rating_button 0,10,1",fuerza141,contact141==1,,"Usando una escala de 0 a 10, donde 0 es “ninguna cercanía” y 10 es “muy cercana”, ¿qué tan cercana diría que es la relación entre `r person_name10` y `r person_name16`?",,,
answer_below_label,"rating_button 0,10,1",fuerza142,contact142==1,,"Usando una escala de 0 a 10, donde 0 es “ninguna cercanía” y 10 es “muy cercana”, ¿qué tan cercana diría que es la relación entre `r person_name10` y `r person_name17`?",,,
answer_below_label,"rating_button 0,10,1",fuerza143,contact143==1,,"Usando una escala de 0 a 10, donde 0 es “ninguna cercanía” y 10 es “muy cercana”, ¿qué tan cercana diría que es la relación entre `r person_name10` y `r person_name18`?",,,
answer_below_label,"rating_button 0,10,1",fuerza144,contact144==1,,"Usando una escala de 0 a 10, donde 0 es “ninguna cercanía” y 10 es “muy cercana”, ¿qué tan cercana diría que es la relación entre `r person_name10` y `r person_name19`?",,,
answer_below_label,"rating_button 0,10,1",fuerza145,contact145==1,,"Usando una escala de 0 a 10, donde 0 es “ninguna cercanía” y 10 es “muy cercana”, ¿qué tan cercana diría que es la relación entre `r person_name10` y `r person_name20`?",,,
answer_below_label,"rating_button 0,10,1",fuerza146,contact146==1,,"Usando una escala de 0 a 10, donde 0 es “ninguna cercanía” y 10 es “muy cercana”, ¿qué tan cercana diría que es la relación entre `r person_name11` y `r person_name12`?",,,
answer_below_label,"rating_button 0,10,1",fuerza147,contact147==1,,"Usando una escala de 0 a 10, donde 0 es “ninguna cercanía” y 10 es “muy cercana”, ¿qué tan cercana diría que es la relación entre `r person_name11` y `r person_name13`?",,,
answer_below_label,"rating_button 0,10,1",fuerza148,contact148==1,,"Usando una escala de 0 a 10, donde 0 es “ninguna cercanía” y 10 es “muy cercana”, ¿qué tan cercana diría que es la relación entre `r person_name11` y `r person_name14`?",,,
answer_below_label,"rating_button 0,10,1",fuerza149,contact149==1,,"Usando una escala de 0 a 10, donde 0 es “ninguna cercanía” y 10 es “muy cercana”, ¿qué tan cercana diría que es la relación entre `r person_name11` y `r person_name15`?",,,
answer_below_label,"rating_button 0,10,1",fuerza150,contact150==1,,"Usando una escala de 0 a 10, donde 0 es “ninguna cercanía” y 10 es “muy cercana”, ¿qué tan cercana diría que es la relación entre `r person_name11` y `r person_name16`?",,,
answer_below_label,"rating_button 0,10,1",fuerza151,contact151==1,,"Usando una escala de 0 a 10, donde 0 es “ninguna cercanía” y 10 es “muy cercana”, ¿qué tan cercana diría que es la relación entre `r person_name11` y `r person_name17`?",,,
answer_below_label,"rating_button 0,10,1",fuerza152,contact152==1,,"Usando una escala de 0 a 10, donde 0 es “ninguna cercanía” y 10 es “muy cercana”, ¿qué tan cercana diría que es la relación entre `r person_name11` y `r person_name18`?",,,
answer_below_label,"rating_button 0,10,1",fuerza153,contact153==1,,"Usando una escala de 0 a 10, donde 0 es “ninguna cercanía” y 10 es “muy cercana”, ¿qué tan cercana diría que es la relación entre `r person_name11` y `r person_name19`?",,,
answer_below_label,"rating_button 0,10,1",fuerza154,contact154==1,,"Usando una escala de 0 a 10, donde 0 es “ninguna cercanía” y 10 es “muy cercana”, ¿qué tan cercana diría que es la relación entre `r person_name11` y `r person_name20`?",,,
answer_below_label,"rating_button 0,10,1",fuerza155,contact155==1,,"Usando una escala de 0 a 10, donde 0 es “ninguna cercanía” y 10 es “muy cercana”, ¿qué tan cercana diría que es la relación entre `r person_name12` y `r person_name13`?",,,
answer_below_label,"rating_button 0,10,1",fuerza156,contact156==1,,"Usando una escala de 0 a 10, donde 0 es “ninguna cercanía” y 10 es “muy cercana”, ¿qué tan cercana diría que es la relación entre `r person_name12` y `r person_name14`?",,,
answer_below_label,"rating_button 0,10,1",fuerza157,contact157==1,,"Usando una escala de 0 a 10, donde 0 es “ninguna cercanía” y 10 es “muy cercana”, ¿qué tan cercana diría que es la relación entre `r person_name12` y `r person_name15`?",,,
answer_below_label,"rating_button 0,10,1",fuerza158,contact158==1,,"Usando una escala de 0 a 10, donde 0 es “ninguna cercanía” y 10 es “muy cercana”, ¿qué tan cercana diría que es la relación entre `r person_name12` y `r person_name16`?",,,
answer_below_label,"rating_button 0,10,1",fuerza159,contact159==1,,"Usando una escala de 0 a 10, donde 0 es “ninguna cercanía” y 10 es “muy cercana”, ¿qué tan cercana diría que es la relación entre `r person_name12` y `r person_name17`?",,,
answer_below_label,"rating_button 0,10,1",fuerza160,contact160==1,,"Usando una escala de 0 a 10, donde 0 es “ninguna cercanía” y 10 es “muy cercana”, ¿qué tan cercana diría que es la relación entre `r person_name12` y `r person_name18`?",,,
answer_below_label,"rating_button 0,10,1",fuerza161,contact161==1,,"Usando una escala de 0 a 10, donde 0 es “ninguna cercanía” y 10 es “muy cercana”, ¿qué tan cercana diría que es la relación entre `r person_name12` y `r person_name19`?",,,
answer_below_label,"rating_button 0,10,1",fuerza162,contact162==1,,"Usando una escala de 0 a 10, donde 0 es “ninguna cercanía” y 10 es “muy cercana”, ¿qué tan cercana diría que es la relación entre `r person_name12` y `r person_name20`?",,,
answer_below_label,"rating_button 0,10,1",fuerza163,contact163==1,,"Usando una escala de 0 a 10, donde 0 es “ninguna cercanía” y 10 es “muy cercana”, ¿qué tan cercana diría que es la relación entre `r person_name13` y `r person_name14`?",,,
answer_below_label,"rating_button 0,10,1",fuerza164,contact164==1,,"Usando una escala de 0 a 10, donde 0 es “ninguna cercanía” y 10 es “muy cercana”, ¿qué tan cercana diría que es la relación entre `r person_name13` y `r person_name15`?",,,
answer_below_label,"rating_button 0,10,1",fuerza165,contact165==1,,"Usando una escala de 0 a 10, donde 0 es “ninguna cercanía” y 10 es “muy cercana”, ¿qué tan cercana diría que es la relación entre `r person_name13` y `r person_name16`?",,,
answer_below_label,"rating_button 0,10,1",fuerza166,contact166==1,,"Usando una escala de 0 a 10, donde 0 es “ninguna cercanía” y 10 es “muy cercana”, ¿qué tan cercana diría que es la relación entre `r person_name13` y `r person_name17`?",,,
answer_below_label,"rating_button 0,10,1",fuerza167,contact167==1,,"Usando una escala de 0 a 10, donde 0 es “ninguna cercanía” y 10 es “muy cercana”, ¿qué tan cercana diría que es la relación entre `r person_name13` y `r person_name18`?",,,
answer_below_label,"rating_button 0,10,1",fuerza168,contact168==1,,"Usando una escala de 0 a 10, donde 0 es “ninguna cercanía” y 10 es “muy cercana”, ¿qué tan cercana diría que es la relación entre `r person_name13` y `r person_name19`?",,,
answer_below_label,"rating_button 0,10,1",fuerza169,contact169==1,,"Usando una escala de 0 a 10, donde 0 es “ninguna cercanía” y 10 es “muy cercana”, ¿qué tan cercana diría que es la relación entre `r person_name13` y `r person_name20`?",,,
answer_below_label,"rating_button 0,10,1",fuerza170,contact170==1,,"Usando una escala de 0 a 10, donde 0 es “ninguna cercanía” y 10 es “muy cercana”, ¿qué tan cercana diría que es la relación entre `r person_name14` y `r person_name15`?",,,
answer_below_label,"rating_button 0,10,1",fuerza171,contact171==1,,"Usando una escala de 0 a 10, donde 0 es “ninguna cercanía” y 10 es “muy cercana”, ¿qué tan cercana diría que es la relación entre `r person_name14` y `r person_name16`?",,,
answer_below_label,"rating_button 0,10,1",fuerza172,contact172==1,,"Usando una escala de 0 a 10, donde 0 es “ninguna cercanía” y 10 es “muy cercana”, ¿qué tan cercana diría que es la relación entre `r person_name14` y `r person_name17`?",,,
answer_below_label,"rating_button 0,10,1",fuerza173,contact173==1,,"Usando una escala de 0 a 10, donde 0 es “ninguna cercanía” y 10 es “muy cercana”, ¿qué tan cercana diría que es la relación entre `r person_name14` y `r person_name18`?",,,
answer_below_label,"rating_button 0,10,1",fuerza174,contact174==1,,"Usando una escala de 0 a 10, donde 0 es “ninguna cercanía” y 10 es “muy cercana”, ¿qué tan cercana diría que es la relación entre `r person_name14` y `r person_name19`?",,,
answer_below_label,"rating_button 0,10,1",fuerza175,contact175==1,,"Usando una escala de 0 a 10, donde 0 es “ninguna cercanía” y 10 es “muy cercana”, ¿qué tan cercana diría que es la relación entre `r person_name14` y `r person_name20`?",,,
answer_below_label,"rating_button 0,10,1",fuerza176,contact176==1,,"Usando una escala de 0 a 10, donde 0 es “ninguna cercanía” y 10 es “muy cercana”, ¿qué tan cercana diría que es la relación entre `r person_name15` y `r person_name16`?",,,
answer_below_label,"rating_button 0,10,1",fuerza177,contact177==1,,"Usando una escala de 0 a 10, donde 0 es “ninguna cercanía” y 10 es “muy cercana”, ¿qué tan cercana diría que es la relación entre `r person_name15` y `r person_name17`?",,,
answer_below_label,"rating_button 0,10,1",fuerza178,contact178==1,,"Usando una escala de 0 a 10, donde 0 es “ninguna cercanía” y 10 es “muy cercana”, ¿qué tan cercana diría que es la relación entre `r person_name15` y `r person_name18`?",,,
answer_below_label,"rating_button 0,10,1",fuerza179,contact179==1,,"Usando una escala de 0 a 10, donde 0 es “ninguna cercanía” y 10 es “muy cercana”, ¿qué tan cercana diría que es la relación entre `r person_name15` y `r person_name19`?",,,
answer_below_label,"rating_button 0,10,1",fuerza180,contact180==1,,"Usando una escala de 0 a 10, donde 0 es “ninguna cercanía” y 10 es “muy cercana”, ¿qué tan cercana diría que es la relación entre `r person_name15` y `r person_name20`?",,,
answer_below_label,"rating_button 0,10,1",fuerza181,contact181==1,,"Usando una escala de 0 a 10, donde 0 es “ninguna cercanía” y 10 es “muy cercana”, ¿qué tan cercana diría que es la relación entre `r person_name16` y `r person_name17`?",,,
answer_below_label,"rating_button 0,10,1",fuerza182,contact182==1,,"Usando una escala de 0 a 10, donde 0 es “ninguna cercanía” y 10 es “muy cercana”, ¿qué tan cercana diría que es la relación entre `r person_name16` y `r person_name18`?",,,
answer_below_label,"rating_button 0,10,1",fuerza183,contact183==1,,"Usando una escala de 0 a 10, donde 0 es “ninguna cercanía” y 10 es “muy cercana”, ¿qué tan cercana diría que es la relación entre `r person_name16` y `r person_name19`?",,,
answer_below_label,"rating_button 0,10,1",fuerza184,contact184==1,,"Usando una escala de 0 a 10, donde 0 es “ninguna cercanía” y 10 es “muy cercana”, ¿qué tan cercana diría que es la relación entre `r person_name16` y `r person_name20`?",,,
answer_below_label,"rating_button 0,10,1",fuerza185,contact185==1,,"Usando una escala de 0 a 10, donde 0 es “ninguna cercanía” y 10 es “muy cercana”, ¿qué tan cercana diría que es la relación entre `r person_name17` y `r person_name18`?",,,
answer_below_label,"rating_button 0,10,1",fuerza186,contact186==1,,"Usando una escala de 0 a 10, donde 0 es “ninguna cercanía” y 10 es “muy cercana”, ¿qué tan cercana diría que es la relación entre `r person_name17` y `r person_name19`?",,,
answer_below_label,"rating_button 0,10,1",fuerza187,contact187==1,,"Usando una escala de 0 a 10, donde 0 es “ninguna cercanía” y 10 es “muy cercana”, ¿qué tan cercana diría que es la relación entre `r person_name17` y `r person_name20`?",,,
answer_below_label,"rating_button 0,10,1",fuerza188,contact188==1,,"Usando una escala de 0 a 10, donde 0 es “ninguna cercanía” y 10 es “muy cercana”, ¿qué tan cercana diría que es la relación entre `r person_name18` y `r person_name19`?",,,
answer_below_label,"rating_button 0,10,1",fuerza189,contact189==1,,"Usando una escala de 0 a 10, donde 0 es “ninguna cercanía” y 10 es “muy cercana”, ¿qué tan cercana diría que es la relación entre `r person_name18` y `r person_name20`?",,,
answer_below_label,"rating_button 0,10,1",fuerza190,contact190==1,,"Usando una escala de 0 a 10, donde 0 es “ninguna cercanía” y 10 es “muy cercana”, ¿qué tan cercana diría que es la relación entre `r person_name19` y `r person_name20`?",,,
left700,submit,submit02,,,Continuar,,,
,note,note_i01,,,"Ahora quisiera preguntarle sobre las instituciones, organizaciones y servicios de cuidado que participan en el cuidado de su hijo/a, como por ejemplo salas cuna, jardines infantiles, colegios, servicios de after school, consultorios, hospitales, centros de rehabilitación, clubes deportivos, talleres artísticos o culturales, bibliotecas, iglesias, organizaciones comunitarias o comedores.",,,
,note,note_i02,,,"Durante el último mes, ¿a qué instituciones, organizaciones o servicios de cuidado ha asistido o ha sido atendido/a su hijo/a, aunque haya sido por solo una hora?

- Puede indicar el nombre completo o como se conoce habitualmente
- El máximo es 20 instituciones, organizaciones o servicios de cuidado
",,,
answer_below_label,text 50,institucion_P01,,,Nombre Institución 1,,,
answer_below_label,text 50,institucion_P02,count_IN > 1,,Nombre Institución 2,,,
answer_below_label,text 50,institucion_P03,count_IN > 2,,Nombre Institución 3,,,
answer_below_label,text 50,institucion_P04,count_IN > 3,,Nombre Institución 4,,,
answer_below_label,text 50,institucion_P05,count_IN > 4,,Nombre Institución 5,,,
answer_below_label,text 50,institucion_P06,count_IN > 5,,Nombre Institución 6,,,
answer_below_label,text 50,institucion_P07,count_IN > 6,,Nombre Institución 7,,,
answer_below_label,text 50,institucion_P08,count_IN > 7,,Nombre Institución 8,,,
answer_below_label,text 50,institucion_P09,count_IN > 8,,Nombre Institución 9,,,
answer_below_label,text 50,institucion_P10,count_IN > 9,,Nombre Institución 10,,,
clear counter label_align_left space_bottom_60,"number 1,12",count_IN,,1,¿Quiere añadir otra institución?,,,
,submit,inst_01,,,Siguiente,,,
answer_below_label,text 50,institucion_P11,count_IN > 10,,Nombre Institución 11,,,
answer_below_label,text 50,institucion_P12,count_IN02> 1,,Nombre Institución 12,,,
answer_below_label,text 50,institucion_P13,count_IN02> 2,,Nombre Institución 13,,,
answer_below_label,text 50,institucion_P14,count_IN02> 3,,Nombre Institución 14,,,
answer_below_label,text 50,institucion_P15,count_IN02> 4,,Nombre Institución 15,,,
answer_below_label,text 50,institucion_P16,count_IN02> 5,,Nombre Institución 16,,,
answer_below_label,text 50,institucion_P17,count_IN02> 6,,Nombre Institución 17,,,
answer_below_label,text 50,institucion_P18,count_IN02> 7,,Nombre Institución 18,,,
answer_below_label,text 50,institucion_P19,count_IN02> 8,,Nombre Institución 19,,,
answer_below_label,text 50,institucion_P20,count_IN02> 9,,Nombre Institución 20,,,
clear counter label_align_left space_bottom_60,"number 1,12",count_IN02,count_IN > 10,1,¿Quiere añadir otra institución?,,,
,submit,inst_02,,,Siguiente,,,
mc_vertical answer_below_label,mc dependencia,dependencia_IN01,,,¿Qué tipo de dependencia tiene el/la `r institucion_P01`?,,,
mc_vertical answer_below_label,mc dependencia,dependencia_IN02,count_IN > 1,,¿Qué tipo de dependencia tiene el/la `r institucion_P02`?,,,
mc_vertical answer_below_label,mc dependencia,dependencia_IN03,count_IN > 2,,¿Qué tipo de dependencia tiene el/la `r institucion_P03`?,,,
mc_vertical answer_below_label,mc dependencia,dependencia_IN04,count_IN > 3,,¿Qué tipo de dependencia tiene el/la `r institucion_P04`?,,,
mc_vertical answer_below_label,mc dependencia,dependencia_IN05,count_IN > 4,,¿Qué tipo de dependencia tiene el/la `r institucion_P05`?,,,
mc_vertical answer_below_label,mc dependencia,dependencia_IN06,count_IN > 5,,¿Qué tipo de dependencia tiene el/la `r institucion_P06`?,,,
mc_vertical answer_below_label,mc dependencia,dependencia_IN07,count_IN > 6,,¿Qué tipo de dependencia tiene el/la `r institucion_P07`?,,,
mc_vertical answer_below_label,mc dependencia,dependencia_IN08,count_IN > 7,,¿Qué tipo de dependencia tiene el/la `r institucion_P08`?,,,
mc_vertical answer_below_label,mc dependencia,dependencia_IN09,count_IN > 8,,¿Qué tipo de dependencia tiene el/la `r institucion_P09`?,,,
mc_vertical answer_below_label,mc dependencia,dependencia_IN10,count_IN > 9,,¿Qué tipo de dependencia tiene el/la `r institucion_P10`?,,,
mc_vertical answer_below_label,mc dependencia,dependencia_IN11,count_IN > 10,,¿Qué tipo de dependencia tiene el/la `r institucion_P11`?,,,
mc_vertical answer_below_label,mc dependencia,dependencia_IN12,count_IN02> 1,,¿Qué tipo de dependencia tiene el/la `r institucion_P12`?,,,
mc_vertical answer_below_label,mc dependencia,dependencia_IN13,count_IN02> 2,,¿Qué tipo de dependencia tiene el/la `r institucion_P13`?,,,
mc_vertical answer_below_label,mc dependencia,dependencia_IN14,count_IN02> 3,,¿Qué tipo de dependencia tiene el/la `r institucion_P14`?,,,
mc_vertical answer_below_label,mc dependencia,dependencia_IN15,count_IN02> 4,,¿Qué tipo de dependencia tiene el/la `r institucion_P15`?,,,
mc_vertical answer_below_label,mc dependencia,dependencia_IN16,count_IN02> 5,,¿Qué tipo de dependencia tiene el/la `r institucion_P16`?,,,
mc_vertical answer_below_label,mc dependencia,dependencia_IN17,count_IN02> 6,,¿Qué tipo de dependencia tiene el/la `r institucion_P17`?,,,
mc_vertical answer_below_label,mc dependencia,dependencia_IN18,count_IN02> 7,,¿Qué tipo de dependencia tiene el/la `r institucion_P18`?,,,
mc_vertical answer_below_label,mc dependencia,dependencia_IN19,count_IN02> 8,,¿Qué tipo de dependencia tiene el/la `r institucion_P19`?,,,
mc_vertical answer_below_label,mc dependencia,dependencia_IN20,count_IN02> 9,,¿Qué tipo de dependencia tiene el/la `r institucion_P20`?,,,
,submit,inst_03,,,Siguiente,,,
mc_vertical answer_below_label,text,asistencia_P01,,,¿En qué año el/la niño/a comenzó a asistir o ser atendido/a en `r institucion_P01`?,,,
mc_vertical answer_below_label,text,asistencia_P02,count_IN > 1,,¿En qué año el/la niño/a comenzó a asistir o ser atendido/a en `r institucion_P02`?,,,
mc_vertical answer_below_label,text,asistencia_P03,count_IN > 2,,¿En qué año el/la niño/a comenzó a asistir o ser atendido/a en `r institucion_P03`?,,,
mc_vertical answer_below_label,text,asistencia_P04,count_IN > 3,,¿En qué año el/la niño/a comenzó a asistir o ser atendido/a en `r institucion_P04`?,,,
mc_vertical answer_below_label,text,asistencia_P05,count_IN > 4,,¿En qué año el/la niño/a comenzó a asistir o ser atendido/a en `r institucion_P05`?,,,
mc_vertical answer_below_label,text,asistencia_P06,count_IN > 5,,¿En qué año el/la niño/a comenzó a asistir o ser atendido/a en `r institucion_P06`?,,,
mc_vertical answer_below_label,text,asistencia_P07,count_IN > 6,,¿En qué año el/la niño/a comenzó a asistir o ser atendido/a en `r institucion_P07`?,,,
mc_vertical answer_below_label,text,asistencia_P08,count_IN > 7,,¿En qué año el/la niño/a comenzó a asistir o ser atendido/a en `r institucion_P08`?,,,
mc_vertical answer_below_label,text,asistencia_P09,count_IN > 8,,¿En qué año el/la niño/a comenzó a asistir o ser atendido/a en `r institucion_P09`?,,,
mc_vertical answer_below_label,text,asistencia_P10,count_IN > 9,,¿En qué año el/la niño/a comenzó a asistir o ser atendido/a en `r institucion_P10`?,,,
mc_vertical answer_below_label,text,asistencia_P11,count_IN > 10,,¿En qué año el/la niño/a comenzó a asistir o ser atendido/a en `r institucion_P11`?,,,
mc_vertical answer_below_label,text,asistencia_P12,count_IN02> 1,,¿En qué año el/la niño/a comenzó a asistir o ser atendido/a en `r institucion_P12`?,,,
mc_vertical answer_below_label,text,asistencia_P13,count_IN02> 2,,¿En qué año el/la niño/a comenzó a asistir o ser atendido/a en `r institucion_P13`?,,,
mc_vertical answer_below_label,text,asistencia_P14,count_IN02> 3,,¿En qué año el/la niño/a comenzó a asistir o ser atendido/a en `r institucion_P14`?,,,
mc_vertical answer_below_label,text,asistencia_P15,count_IN02> 4,,¿En qué año el/la niño/a comenzó a asistir o ser atendido/a en `r institucion_P15`?,,,
mc_vertical answer_below_label,text,asistencia_P16,count_IN02> 5,,¿En qué año el/la niño/a comenzó a asistir o ser atendido/a en `r institucion_P16`?,,,
mc_vertical answer_below_label,text,asistencia_P17,count_IN02> 6,,¿En qué año el/la niño/a comenzó a asistir o ser atendido/a en `r institucion_P17`?,,,
mc_vertical answer_below_label,text,asistencia_P18,count_IN02> 7,,¿En qué año el/la niño/a comenzó a asistir o ser atendido/a en `r institucion_P18`?,,,
mc_vertical answer_below_label,text,asistencia_P19,count_IN02> 8,,¿En qué año el/la niño/a comenzó a asistir o ser atendido/a en `r institucion_P19`?,,,
mc_vertical answer_below_label,text,asistencia_P20,count_IN02> 9,,¿En qué año el/la niño/a comenzó a asistir o ser atendido/a en `r institucion_P20`?,,,
,submit,inst_04,,,Siguiente,,,
mc_vertical answer_below_label,mc_multiple tipo_cuidado,tipo_cuidado_P01,,,"Durante el último mes, ¿qué tipo(s) de cuidado o apoyo recibió el/la niño/a en `r institucion_P01`?",,,
answer_below_label,text,tipo_cuidado_esp_P01,"tipo_cuidado_P01==7 | tipo_cuidado_P01 %contains_word% ""7""",,Especifique,,,
mc_vertical answer_below_label,mc_multiple tipo_cuidado,tipo_cuidado_P02,count_IN > 1,,"Durante el último mes, ¿qué tipo(s) de cuidado o apoyo recibió el/la niño/a en `r institucion_P02`?",,,
answer_below_label,text,tipo_cuidado_esp_P02,"tipo_cuidado_P02==7 | tipo_cuidado_P02 %contains_word% ""7""",,Especifique,,,
mc_vertical answer_below_label,mc_multiple tipo_cuidado,tipo_cuidado_P03,count_IN > 2,,"Durante el último mes, ¿qué tipo(s) de cuidado o apoyo recibió el/la niño/a en `r institucion_P03`?",,,
answer_below_label,text,tipo_cuidado_esp_P03,"tipo_cuidado_P03==7 | tipo_cuidado_P03 %contains_word% ""7""",,Especifique,,,
mc_vertical answer_below_label,mc_multiple tipo_cuidado,tipo_cuidado_P04,count_IN > 3,,"Durante el último mes, ¿qué tipo(s) de cuidado o apoyo recibió el/la niño/a en `r institucion_P04`?",,,
answer_below_label,text,tipo_cuidado_esp_P04,"tipo_cuidado_P04==7 | tipo_cuidado_P04 %contains_word% ""7""",,Especifique,,,
mc_vertical answer_below_label,mc_multiple tipo_cuidado,tipo_cuidado_P05,count_IN > 4,,"Durante el último mes, ¿qué tipo(s) de cuidado o apoyo recibió el/la niño/a en `r institucion_P05`?",,,
answer_below_label,text,tipo_cuidado_esp_P05,"tipo_cuidado_P05==7 | tipo_cuidado_P05 %contains_word% ""7""",,Especifique,,,
mc_vertical answer_below_label,mc_multiple tipo_cuidado,tipo_cuidado_P06,count_IN > 5,,"Durante el último mes, ¿qué tipo(s) de cuidado o apoyo recibió el/la niño/a en `r institucion_P06`?",,,
answer_below_label,text,tipo_cuidado_esp_P06,"tipo_cuidado_P06==7 | tipo_cuidado_P06 %contains_word% ""7""",,Especifique,,,
mc_vertical answer_below_label,mc_multiple tipo_cuidado,tipo_cuidado_P07,count_IN > 6,,"Durante el último mes, ¿qué tipo(s) de cuidado o apoyo recibió el/la niño/a en `r institucion_P07`?",,,
answer_below_label,text,tipo_cuidado_esp_P07,"tipo_cuidado_P07==7 | tipo_cuidado_P07 %contains_word% ""7""",,Especifique,,,
mc_vertical answer_below_label,mc_multiple tipo_cuidado,tipo_cuidado_P08,count_IN > 7,,"Durante el último mes, ¿qué tipo(s) de cuidado o apoyo recibió el/la niño/a en `r institucion_P08`?",,,
answer_below_label,text,tipo_cuidado_esp_P08,"tipo_cuidado_P08==7 | tipo_cuidado_P08 %contains_word% ""7""",,Especifique,,,
mc_vertical answer_below_label,mc_multiple tipo_cuidado,tipo_cuidado_P09,count_IN > 8,,"Durante el último mes, ¿qué tipo(s) de cuidado o apoyo recibió el/la niño/a en `r institucion_P09`?",,,
answer_below_label,text,tipo_cuidado_esp_P09,"tipo_cuidado_P09==7 | tipo_cuidado_P09 %contains_word% ""7""",,Especifique,,,
mc_vertical answer_below_label,mc_multiple tipo_cuidado,tipo_cuidado_P10,count_IN > 9,,"Durante el último mes, ¿qué tipo(s) de cuidado o apoyo recibió el/la niño/a en `r institucion_P10`?",,,
answer_below_label,text,tipo_cuidado_esp_P10,"tipo_cuidado_P10==7 | tipo_cuidado_P10 %contains_word% ""7""",,Especifique,,,
mc_vertical answer_below_label,mc_multiple tipo_cuidado,tipo_cuidado_P11,count_IN > 10,,"Durante el último mes, ¿qué tipo(s) de cuidado o apoyo recibió el/la niño/a en `r institucion_P11`?",,,
answer_below_label,text,tipo_cuidado_esp_P11,"tipo_cuidado_P11==7 | tipo_cuidado_P11 %contains_word% ""7""",,Especifique,,,
mc_vertical answer_below_label,mc_multiple tipo_cuidado,tipo_cuidado_P12,count_IN02> 1,,"Durante el último mes, ¿qué tipo(s) de cuidado o apoyo recibió el/la niño/a en `r institucion_P12`?",,,
answer_below_label,text,tipo_cuidado_esp_P12,"tipo_cuidado_P12==7 | tipo_cuidado_P12 %contains_word% ""7""",,Especifique,,,
mc_vertical answer_below_label,mc_multiple tipo_cuidado,tipo_cuidado_P13,count_IN02> 2,,"Durante el último mes, ¿qué tipo(s) de cuidado o apoyo recibió el/la niño/a en `r institucion_P13`?",,,
answer_below_label,text,tipo_cuidado_esp_P13,"tipo_cuidado_P13==7 | tipo_cuidado_P13 %contains_word% ""7""",,Especifique,,,
mc_vertical answer_below_label,mc_multiple tipo_cuidado,tipo_cuidado_P14,count_IN02> 3,,"Durante el último mes, ¿qué tipo(s) de cuidado o apoyo recibió el/la niño/a en `r institucion_P14`?",,,
answer_below_label,text,tipo_cuidado_esp_P14,"tipo_cuidado_P14==7 | tipo_cuidado_P14 %contains_word% ""7""",,Especifique,,,
mc_vertical answer_below_label,mc_multiple tipo_cuidado,tipo_cuidado_P15,count_IN02> 4,,"Durante el último mes, ¿qué tipo(s) de cuidado o apoyo recibió el/la niño/a en `r institucion_P15`?",,,
answer_below_label,text,tipo_cuidado_esp_P15,"tipo_cuidado_P15==7 | tipo_cuidado_P15 %contains_word% ""7""",,Especifique,,,
mc_vertical answer_below_label,mc_multiple tipo_cuidado,tipo_cuidado_P16,count_IN02> 5,,"Durante el último mes, ¿qué tipo(s) de cuidado o apoyo recibió el/la niño/a en `r institucion_P16`?",,,
answer_below_label,text,tipo_cuidado_esp_P16,"tipo_cuidado_P16==7 | tipo_cuidado_P16 %contains_word% ""7""",,Especifique,,,
mc_vertical answer_below_label,mc_multiple tipo_cuidado,tipo_cuidado_P17,count_IN02> 6,,"Durante el último mes, ¿qué tipo(s) de cuidado o apoyo recibió el/la niño/a en `r institucion_P17`?",,,
answer_below_label,text,tipo_cuidado_esp_P17,"tipo_cuidado_P17==7 | tipo_cuidado_P17 %contains_word% ""7""",,Especifique,,,
mc_vertical answer_below_label,mc_multiple tipo_cuidado,tipo_cuidado_P18,count_IN02> 7,,"Durante el último mes, ¿qué tipo(s) de cuidado o apoyo recibió el/la niño/a en `r institucion_P18`?",,,
answer_below_label,text,tipo_cuidado_esp_P18,"tipo_cuidado_P18==7 | tipo_cuidado_P18 %contains_word% ""7""",,Especifique,,,
mc_vertical answer_below_label,mc_multiple tipo_cuidado,tipo_cuidado_P19,count_IN02> 8,,"Durante el último mes, ¿qué tipo(s) de cuidado o apoyo recibió el/la niño/a en `r institucion_P19`?",,,
answer_below_label,text,tipo_cuidado_esp_P19,"tipo_cuidado_P19==7 | tipo_cuidado_P19 %contains_word% ""7""",,Especifique,,,
mc_vertical answer_below_label,mc_multiple tipo_cuidado,tipo_cuidado_P20,count_IN02> 9,,"Durante el último mes, ¿qué tipo(s) de cuidado o apoyo recibió el/la niño/a en `r institucion_P20`?",,,
answer_below_label,text,tipo_cuidado_esp_P20,"tipo_cuidado_P20==7 | tipo_cuidado_P20 %contains_word% ""7""",,Especifique,,,
,submit,inst_005,,,Siguiente,,,
mc_vertical answer_below_label,mc frecuencia_atencion,frecuencia_atencion_P01,,,"Durante el último mes, ¿con qué frecuencia el/la niño/a asistió o fue atendido/a en `r institucion_P01`?",,,
mc_vertical answer_below_label,mc frecuencia_atencion,frecuencia_atencion_P02,count_IN > 1,,"Durante el último mes, ¿con qué frecuencia el/la niño/a asistió o fue atendido/a en `r institucion_P02`?",,,
mc_vertical answer_below_label,mc frecuencia_atencion,frecuencia_atencion_P03,count_IN > 2,,"Durante el último mes, ¿con qué frecuencia el/la niño/a asistió o fue atendido/a en `r institucion_P03`?",,,
mc_vertical answer_below_label,mc frecuencia_atencion,frecuencia_atencion_P04,count_IN > 3,,"Durante el último mes, ¿con qué frecuencia el/la niño/a asistió o fue atendido/a en `r institucion_P04`?",,,
mc_vertical answer_below_label,mc frecuencia_atencion,frecuencia_atencion_P05,count_IN > 4,,"Durante el último mes, ¿con qué frecuencia el/la niño/a asistió o fue atendido/a en `r institucion_P05`?",,,
mc_vertical answer_below_label,mc frecuencia_atencion,frecuencia_atencion_P06,count_IN > 5,,"Durante el último mes, ¿con qué frecuencia el/la niño/a asistió o fue atendido/a en `r institucion_P06`?",,,
mc_vertical answer_below_label,mc frecuencia_atencion,frecuencia_atencion_P07,count_IN > 6,,"Durante el último mes, ¿con qué frecuencia el/la niño/a asistió o fue atendido/a en `r institucion_P07`?",,,
mc_vertical answer_below_label,mc frecuencia_atencion,frecuencia_atencion_P08,count_IN > 7,,"Durante el último mes, ¿con qué frecuencia el/la niño/a asistió o fue atendido/a en `r institucion_P08`?",,,
mc_vertical answer_below_label,mc frecuencia_atencion,frecuencia_atencion_P09,count_IN > 8,,"Durante el último mes, ¿con qué frecuencia el/la niño/a asistió o fue atendido/a en `r institucion_P09`?",,,
mc_vertical answer_below_label,mc frecuencia_atencion,frecuencia_atencion_P10,count_IN > 9,,"Durante el último mes, ¿con qué frecuencia el/la niño/a asistió o fue atendido/a en `r institucion_P10`?",,,
mc_vertical answer_below_label,mc frecuencia_atencion,frecuencia_atencion_P11,count_IN > 10,,"Durante el último mes, ¿con qué frecuencia el/la niño/a asistió o fue atendido/a en `r institucion_P11`?",,,
mc_vertical answer_below_label,mc frecuencia_atencion,frecuencia_atencion_P12,count_IN02> 1,,"Durante el último mes, ¿con qué frecuencia el/la niño/a asistió o fue atendido/a en `r institucion_P12`?",,,
mc_vertical answer_below_label,mc frecuencia_atencion,frecuencia_atencion_P13,count_IN02> 2,,"Durante el último mes, ¿con qué frecuencia el/la niño/a asistió o fue atendido/a en `r institucion_P13`?",,,
mc_vertical answer_below_label,mc frecuencia_atencion,frecuencia_atencion_P14,count_IN02> 3,,"Durante el último mes, ¿con qué frecuencia el/la niño/a asistió o fue atendido/a en `r institucion_P14`?",,,
mc_vertical answer_below_label,mc frecuencia_atencion,frecuencia_atencion_P15,count_IN02> 4,,"Durante el último mes, ¿con qué frecuencia el/la niño/a asistió o fue atendido/a en `r institucion_P15`?",,,
mc_vertical answer_below_label,mc frecuencia_atencion,frecuencia_atencion_P16,count_IN02> 5,,"Durante el último mes, ¿con qué frecuencia el/la niño/a asistió o fue atendido/a en `r institucion_P16`?",,,
mc_vertical answer_below_label,mc frecuencia_atencion,frecuencia_atencion_P17,count_IN02> 6,,"Durante el último mes, ¿con qué frecuencia el/la niño/a asistió o fue atendido/a en `r institucion_P17`?",,,
mc_vertical answer_below_label,mc frecuencia_atencion,frecuencia_atencion_P18,count_IN02> 7,,"Durante el último mes, ¿con qué frecuencia el/la niño/a asistió o fue atendido/a en `r institucion_P18`?",,,
mc_vertical answer_below_label,mc frecuencia_atencion,frecuencia_atencion_P19,count_IN02> 8,,"Durante el último mes, ¿con qué frecuencia el/la niño/a asistió o fue atendido/a en `r institucion_P19`?",,,
mc_vertical answer_below_label,mc frecuencia_atencion,frecuencia_atencion_P20,count_IN02> 9,,"Durante el último mes, ¿con qué frecuencia el/la niño/a asistió o fue atendido/a en `r institucion_P20`?",,,
,submit,inst_06,,,Siguiente,,,
mc_vertical answer_below_label,mc horas_atencion,horas_atencion_P01,,,"En los días que el/la niño/a asistió o fue atendido/a en `r institucion_P01`, ¿cuántas horas aproximadamente permaneció ahí?",,,
mc_vertical answer_below_label,mc horas_atencion,horas_atencion_P02,count_IN > 1,,"En los días que el/la niño/a asistió o fue atendido/a en `r institucion_P02`, ¿cuántas horas aproximadamente permaneció ahí?",,,
mc_vertical answer_below_label,mc horas_atencion,horas_atencion_P03,count_IN > 2,,"En los días que el/la niño/a asistió o fue atendido/a en `r institucion_P03`, ¿cuántas horas aproximadamente permaneció ahí?",,,
mc_vertical answer_below_label,mc horas_atencion,horas_atencion_P04,count_IN > 3,,"En los días que el/la niño/a asistió o fue atendido/a en `r institucion_P04`, ¿cuántas horas aproximadamente permaneció ahí?",,,
mc_vertical answer_below_label,mc horas_atencion,horas_atencion_P05,count_IN > 4,,"En los días que el/la niño/a asistió o fue atendido/a en `r institucion_P05`, ¿cuántas horas aproximadamente permaneció ahí?",,,
mc_vertical answer_below_label,mc horas_atencion,horas_atencion_P06,count_IN > 5,,"En los días que el/la niño/a asistió o fue atendido/a en `r institucion_P06`, ¿cuántas horas aproximadamente permaneció ahí?",,,
mc_vertical answer_below_label,mc horas_atencion,horas_atencion_P07,count_IN > 6,,"En los días que el/la niño/a asistió o fue atendido/a en `r institucion_P07`, ¿cuántas horas aproximadamente permaneció ahí?",,,
mc_vertical answer_below_label,mc horas_atencion,horas_atencion_P08,count_IN > 7,,"En los días que el/la niño/a asistió o fue atendido/a en `r institucion_P08`, ¿cuántas horas aproximadamente permaneció ahí?",,,
mc_vertical answer_below_label,mc horas_atencion,horas_atencion_P09,count_IN > 8,,"En los días que el/la niño/a asistió o fue atendido/a en `r institucion_P09`, ¿cuántas horas aproximadamente permaneció ahí?",,,
mc_vertical answer_below_label,mc horas_atencion,horas_atencion_P10,count_IN > 9,,"En los días que el/la niño/a asistió o fue atendido/a en `r institucion_P10`, ¿cuántas horas aproximadamente permaneció ahí?",,,
mc_vertical answer_below_label,mc horas_atencion,horas_atencion_P11,count_IN > 10,,"En los días que el/la niño/a asistió o fue atendido/a en `r institucion_P11`, ¿cuántas horas aproximadamente permaneció ahí?",,,
mc_vertical answer_below_label,mc horas_atencion,horas_atencion_P12,count_IN02> 1,,"En los días que el/la niño/a asistió o fue atendido/a en `r institucion_P12`, ¿cuántas horas aproximadamente permaneció ahí?",,,
mc_vertical answer_below_label,mc horas_atencion,horas_atencion_P13,count_IN02> 2,,"En los días que el/la niño/a asistió o fue atendido/a en `r institucion_P13`, ¿cuántas horas aproximadamente permaneció ahí?",,,
mc_vertical answer_below_label,mc horas_atencion,horas_atencion_P14,count_IN02> 3,,"En los días que el/la niño/a asistió o fue atendido/a en `r institucion_P14`, ¿cuántas horas aproximadamente permaneció ahí?",,,
mc_vertical answer_below_label,mc horas_atencion,horas_atencion_P15,count_IN02> 4,,"En los días que el/la niño/a asistió o fue atendido/a en `r institucion_P15`, ¿cuántas horas aproximadamente permaneció ahí?",,,
mc_vertical answer_below_label,mc horas_atencion,horas_atencion_P16,count_IN02> 5,,"En los días que el/la niño/a asistió o fue atendido/a en `r institucion_P16`, ¿cuántas horas aproximadamente permaneció ahí?",,,
mc_vertical answer_below_label,mc horas_atencion,horas_atencion_P17,count_IN02> 6,,"En los días que el/la niño/a asistió o fue atendido/a en `r institucion_P17`, ¿cuántas horas aproximadamente permaneció ahí?",,,
mc_vertical answer_below_label,mc horas_atencion,horas_atencion_P18,count_IN02> 7,,"En los días que el/la niño/a asistió o fue atendido/a en `r institucion_P18`, ¿cuántas horas aproximadamente permaneció ahí?",,,
mc_vertical answer_below_label,mc horas_atencion,horas_atencion_P19,count_IN02> 8,,"En los días que el/la niño/a asistió o fue atendido/a en `r institucion_P19`, ¿cuántas horas aproximadamente permaneció ahí?",,,
mc_vertical answer_below_label,mc horas_atencion,horas_atencion_P20,count_IN02> 9,,"En los días que el/la niño/a asistió o fue atendido/a en `r institucion_P20`, ¿cuántas horas aproximadamente permaneció ahí?",,,
,submit,inst_07,,,Siguiente,,,